locus_tag	proteinID
ssr3451	P09190
smr0006	P09191
sll0849	P09192
slr0927	P09192
sll0851	P09193
ssl2598	P14835
sll1867	P16033
slr1311	P16033
ssl0020	P27320
sll1363	P29107
slr1835	P29255
ssl0563	P32422
slr0623	P52231
slr1129	P72656
sll1031	P72758
ssr1789	P72932
sll1638	P73048
slr2034	P73069
ssl2542	P73183
slr1147	P73276
ssr2595	P73429
sll1626	P73722
slr2001	P73832
sll1987	P73911
slr1963	P74102
sll1876	P74132
slr0942	P74308
slr0945	P74312
slr0946	P74313
sll0422	P74383
slr1942	P74503
slr0758	P74646
slr1192	P74721
slr1756	P77961
sll1342	P80505
slr1622	P80507
slr1347	Q54735
sll0258	Q55013
slr0473	Q55168
smr0007	Q55354
sll0554	Q55389
sll0834	Q55415
slr0355	Q55650
slr0228	Q55700
slr0642	Q55721
slr0083	Q55804
slr0513	Q55835
slr0906	P05429
slr1181	P07826
sll0427	P10549
sml0005	P15819
sll8031	P17062
slr1280	P19050
slr1281	P19125
sll0416	P22034
sll1316	P26290
slr1330	P26533
slr0261	P27724
slr1808	P28463
slr1834	P29254
slr0009	P54205
slr0839	P54225
sll1502	P55037
sll1499	P55038
sml0002	P72575
sll1043	P72659
sml0003	P72701
slr1096	P72740
sll1029	P72760
slr1783	P72781
slr1790	P72793
slr1295	P72827
sll1185	P72848
slr1604	P72991
smr0008	P73070
slr2051	P73093
sll0990	P73138
slr1390	P73179
sll1579	P73204
sll1920	P73241
sll1917	P73245
sll1815	P73302
sll1786	P73335
slr1830	P73390
slr1839	P73407
sll1463	P73437
sll1633	P73456
sll1281	P73528
ssl2501	P73545
ssl1633	P73563
slr0886	P73574
sml0007	P73676
slr1743	P73735
slr2058	P73810
slr1992	P73824
slr1994	P73826
sll1595	P73860
sll0250	P73881
slr2097	P73925
sll1418	P73952
sll1415	P73955
sll0807	P74061
slr1964	P74103
sll1894	P74104
sll1883	P74122
slr1471	P74155
sll1377	P74165
slr1269	P74181
sll1443	P74208
sll1433	P74217
slr1164	P74240
slr1171	P74250
sll1558	P74285
slr1689	P74290
sll1541	P74334
slr1645	P74367
slr0400	P74430
slr0402	P74432
slr0665	P74582
sll1498	P74587
sll1471	P74625
slr0757	P74645
slr1652	P74653
slr1185	P74714
smr0001	P74787
sll1931	P77962
slr1289	P80046
slr2076	Q05972
slr1137	Q06473
slr1136	Q06474
sml0001	Q54697
sll1577	Q54714
sll1249	Q55074
slr0854	Q55081
slr0066	Q55158
sll0689	Q55190
sll0247	Q55274
slr1643	Q55318
sll1194	Q55332
slr0902	Q55370
sll0550	Q55393
sll0821	Q55434
sll0047	Q55438
slr0528	Q55469
sll0899	Q55504
slr0549	Q55512
sll0757	Q55621
slr0782	Q55629
sll0750	Q55630
slr0008	Q55669
slr0633	Q55710
sll0370	Q55756
slr0520	Q55843
sll0469	Q55848
sll0098	Q55880
slr0115	Q55890
slr0787	Q55928
sll0797	Q55933
slr0342	Q57038
sll0613	Q57396
slr0798	Q59998
sll0135	P0DJF8
ssr2831	P12975
sll1327	P17253
slr1279	P19045
slr0737	P19569
sll0698	P20169
slr0738	P20170
slr1350	P20388
ssl2084	P20804
sll0199	P21697
sll0170	P22358
sll1746	P23349
sll1747	P23353
sll1341	P24602
smr0009	P26286
sll1317	P26287
sll0519	P26522
sll0521	P26523
sll0522	P26524
sll0520	P26525
slr1329	P26527
sll1326	P27179
sll1325	P27180
sll1324	P27181
ssl2615	P27182
sll1323	P27183
ssr1386	P27372
slr0343	P27589
slr0750	P28372
slr0749	P28373
slr1254	P29273
slr0331	P32421
sll1525	P37101
slr1255	P37294
sll1614	P37367
slr1351	P45450
sll1796	P46445
slr0186	P48576
slr0469	P48939
slr0213	P49057
slr0884	P49433
slr1030	P51634
sll0329	P52208
slr1176	P52415
sll0898	P52640
sll0741	P52965
sll0158	P52981
slr1349	P52983
sll0455	P52986
slr0526	P52997
slr0918	P53579
slr0786	P53580
sll0555	P53581
slr0551	P54123
slr0012	P54206
slr0536	P54224
sll1470	P54384
slr0710	P54386
slr0542	P54416
slr0032	P54691
sll0080	P54899
sll0373	P54902
slr0827	P54918
sll1213	P72585
slr1312	P72587
sll1209	P72588
sll1394	P72622
slr1120	P72640
sll1059	P72641
sll1058	P72642
sll1056	P72644
slr1130	P72657
sll0711	P72663
sll0708	P72666
sll0227	P72704
sll0223	P72714
sll0220	P72720
sll0219	P72721
sll0217	P72723
slr1093	P72736
slr1105	P72749
sll1035	P72753
sll1032	P72757
sll1030	P72759
sll1028	P72761
slr1777	P72772
slr1779	P72776
sll1679	P72780
slr1787	P72787
slr1791	P72794
sll1669	P72796
slr1793	P72797
sll1659	P72811
slr1291	P72823
sll1198	P72828
sll1196	P72830
sll1192	P72836
sll1184	P72849
slr0963	P72854
sll0928	P72870
sll0927	P72871
sll0926	P72872
slr1090	P72931
sll1019	P72933
slr0676	P72940
slr0679	P72943
sll0635	P72965
sll1513	P72978
slr1598	P72980
sll1508	P72988
sll1501	P73002
slr1051	P73016
slr1755	P73033
sll1635	P73053
slr1848	P73058
sll1750	P73061
sll1945	P73067
slr2035	P73071
sll1941	P73077
sll1933	P73097
sll1932	P73098
sll0996	P73127
slr1022	P73133
slr1031	P73141
sll1300	P73161
sll1299	P73162
sll1285	P73191
slr1703	P73201
ssl3093	P73202
sll1580	P73203
slr2026	P73248
slr1139	P73263
sll1082	P73265
sll1069	P73283
slr1890	P73287
sll1823	P73290
sll1820	P73295
sll1818	P73297
sll1816	P73299
sll1804	P73314
sll1802	P73317
slr1898	P73326
sll1789	P73334
sll1120	P73340
slr1204	P73354
sll1112	P73367
slr2072	P73375
slr1829	P73389
slr1838	P73406
slr1842	P73410
slr1843	P73411
slr1844	P73412
slr1536	P73421
slr1542	P73426
sll1464	P73436
slr1550	P73443
sll1454	P73448
sll1452	P73450
sll1450	P73452
slr1225	P73469
slr1238	P73493
sll1127	P73495
sll1362	P73505
sll1348	P73526
slr1356	P73530
sll1275	P73534
slr1364	P73538
slr1366	P73540
slr1367	P73546
slr1369	P73548
sll0876	P73554
sll0869	P73571
sll0868	P73572
sll0865	P73580
sll0861	P73585
slr1867	P73617
sll1776	P73618
sll1772	P73625
slr1874	P73632
sll1758	P73648
slr1882	P73651
slr1884	P73655
slr1887	P73660
slr2132	P73662
sll2011	P73667
sll2010	P73668
slr2136	P73672
sll1703	P73689
slr1822	P73715
slr1736	P73726
sll1621	P73728
slr1742	P73734
sll0844	P73755
sll0838	P73761
slr1250	P73788
sll1958	P73807
sll1951	P73817
sll1908	P73821
slr1993	P73825
slr2002	P73833
sll1615	P73839
sll1605	P73848
slr1720	P73851
slr1727	P73863
slr1729	P73867
slr2087	P73912
slr2088	P73913
slr2094	P73922
slr2102	P73930
sll1973	P73933
sll1430	P73935
sll1427	P73940
sll1425	P73942
slr1510	P73950
slr1511	P73951
slr1517	P73960
slr1518	P73962
sll2001	P73971
slr2130	P73997
sll1237	P74003
slr1325	P74007
sll1234	P74008
slr0807	P74034
sll0817	P74040
slr0812	P74045
slr0819	P74055
ssl1498	P74067
slr1336	P74072
sll1253	P74081
sll1893	P74106
slr1969	P74111
sll1875	P74133
sll1868	P74143
sll1376	P74167
slr1265	P74177
slr1267	P74180
sll1172	P74193
slr1285	P74199
sll1444	P74207
sll1440	P74211
slr1531	P74214
sll1435	P74215
sll1099	P74227
sll1096	P74230
slr1159	P74232
sll1566	P74258
slr1672	P74260
slr1679	P74268
sll1556	P74287
slr1691	P74292
sll1553	P74296
slr1697	P74297
slr0936	P74301
slr0938	P74303
sll0916	P74304
slr0940	P74306
slr0951	P74323
slr0952	P74324
slr0958	P74330
slr1623	P74338
slr1626	P74342
slr1641	P74361
slr1646	P74368
sll1521	P74373
sll0421	P74384
sll0418	P74388
slr0448	P74391
sll0273	P74393
sll0270	P74397
slr0293	P74416
slr0394	P74421
sll0362	P74423
slr0399	P74429
slr0406	P74438
sll0144	P74457
slr0156	P74459
slr0165	P74467
slr1933	P74488
sll1852	P74494
slr1938	P74497
slr1945	P74507
slr0992	P74516
slr0994	P74519
sll0945	P74521
slr1423	P74528
slr1424	P74529
slr1455	P74548
slr1459	P74551
sll0631	P74562
slr0657	P74569
slr0662	P74576
sll0622	P74578
slr1559	P74591
slr1573	P74606
sll1479	P74618
sll0728	P74638
slr0756	P74644
slr1656	P74657
slr1665	P74667
slr0452	P74689
slr0457	P74696
slr1179	P74706
sll1108	P74709
sll0578	P74724
sll0569	P74737
slr0597	P74741
slr0599	P74745
sll1572	P74750
slr0603	P74750
slr0604	P74751
slr0608	P74755
slr0917	P74770
ssl1690	P74771
slr1418	P74782
sll1787	P77965
sll2005	P77966
sll1629	P77967
slr1516	P77968
sll1994	P77969
slr0752	P77972
slr0585	P77973
slr2067	Q01951
slr1986	Q01952
slr2075	Q05971
sll1578	Q54715
slr1469	Q55005
sll1091	Q55087
sll0409	Q55117
sll0402	Q55128
slr0050	Q55132
sll0065	Q55141
slr0054	Q55143
sll0058	Q55154
slr0474	Q55169
sll0459	Q55170
slr0477	Q55172
sll0454	Q55187
sll0684	Q55195
sll0683	Q55196
ssl0707	Q55247
slr0861	Q55336
sll1398	Q55356
slr0899	Q55367
slr0901	Q55369
slr0905	Q55373
sll0892	Q55382
sll0542	Q55404
slr0833	Q55418
slr0838	Q55422
sll0825	Q55428
slr0844	Q55429
slr0847	Q55435
slr0033	Q55450
sll0037	Q55451
slr0040	Q55460
slr0043	Q55462
slr0044	Q55463
slr0525	Q55467
slr0527	Q55468
slr0529	Q55471
slr0530	Q55472
slr0531	Q55473
sll0505	Q55483
sll0504	Q55484
slr0926	Q55500
sll0897	Q55505
sll0896	Q55506
sll0535	Q55510
sll0533	Q55511
slr0550	Q55513
slr0553	Q55515
slr0557	Q55522
slr0321	Q55526
slr0335	Q55544
slr0185	Q55574
slr0379	Q55593
slr0381	Q55595
slr0772	Q55607
sll0755	Q55624
sll0753	Q55626
slr0346	Q55637
sll0322	Q55638
slr0348	Q55643
sll0019	Q55663
sll0018	Q55664
sll0017	Q55665
slr0011	Q55670
slr0017	Q55673
slr0018	Q55674
slr0020	Q55681
sll0210	Q55684
slr0216	Q55685
sll0209	Q55687
sll0208	Q55688
sll0204	Q55692
sll0616	Q55709
slr0636	Q55714
sll0603	Q55725
slr0649	Q55729
slr0417	Q55738
sll0379	Q55746
sll0378	Q55749
sll0377	Q55750
slr0426	Q55759
slr0194	Q55766
slr0204	Q55777
sll0179	Q55778
ssr0330	Q55781
slr0212	Q55786
slr0077	Q55793
sll0083	Q55797
slr0078	Q55798
slr0080	Q55801
slr0082	Q55803
slr0084	Q55805
sll0078	Q55806
sll0480	Q55828
slr0519	Q55842
slr0523	Q55849
sll0587	Q55863
sll0102	Q55875
slr0118	Q55894
slr0120	Q55896
sll0290	Q55898
sll0289	Q55900
slr0301	Q55905
slr0319	Q55926
sll0798	Q55932
sll0792	Q55940
slr0707	Q55971
slr0711	Q55978
sll0660	Q55982
slr0713	Q55983
sll0657	Q55986
sll0745	Q55988
sll0336	Q57417
slr0444	Q59975
slr0506	Q59987
sll0534	Q59993
slr0783	Q59994
slr0747	Q79EE4
sll1899	Q79EF2
sll1574	Q9FAB3
sll1575	Q9FAB3
	P39204
sll0771	P15729
sll0772	P15730
sll0191	P22039
sll0415	P22040
sll1745	P23350
sll1322	P27178
sll1321	P27196
sll0248	P27319
slr1463	P28371
sll0819	P29256
sll1423	P33779
sll1744	P36236
sll1743	P36237
sll1740	P36239
sll1742	P36265
slr1655	P37277
slr1860	P37979
ssl3335	P38382
sll1242	P42349
sll1245	P42351
sll1244	P42352
slr0500	P48054
slr0628	P48944
ssr1399	P48946
ssl0601	P48949
sll0767	P48957
ssr1398	P48958
ssl1426	P48959
sll0848	P49995
slr0233	P52232
sll0495	P52276
sll0766	P52601
slr0067	P53383
slr0199	P54004
sll0194	P54086
sll0108	P54147
sll0537	P54148
sll0171	P54261
sll0776	P54735
sll0601	P55175
slr0611	P72580
slr0612	P72581
sll1214	P72584
sll1212	P72586
sll1404	P72604
sll1395	P72621
sll1393	P72623
slr1123	P72648
sll1051	P72652
sll1045	P72658
sll0716	P72660
slr0721	P72661
slr0722	P72667
slr0733	P72680
slr0741	P72686
slr0742	P72687
slr0743	P72688
slr0744	P72689
sll0228	P72703
sll0226	P72705
slr0252	P72711
ssr0390	P72712
sml0004	P72717
slr1417	P72731
slr1099	P72743
sll1685	P72771
sll1682	P72775
sll1676	P72785
sll1672	P72791
sll1670	P72795
slr1795	P72800
sll1662	P72808
sll1653	P72818
slr1299	P72834
slr1300	P72835
slr1305	P72843
sll1187	P72846
ssr1604	P72851
slr0964	P72855
slr0965	P72856
ssl1784	P72866
slr0974	P72874
slr0977	P72880
slr1619	P72897
slr1067	P72903
slr1072	P72908
sll1024	P72926
sll1023	P72927
sll1021	P72929
sll1018	P72934
sll1017	P72935
slr0677	P72941
slr0678	P72942
slr0682	P72946
sll0648	P72949
sll0646	P72951
sll0643	P72955
sll0640	P72958
sll0634	P72966
slr1592	P72970
slr1595	P72973
sll1514	P72977
smr0005	P72986
slr1045	P73009
slr1046	P73010
slr1048	P73012
ssr1736	P73014
slr1050	P73015
slr1055	P73020
sll1003	P73025
slr1759	P73035
slr1761	P73037
sll1643	P73038
sll1641	P73043
sll1639	P73047
slr1846	P73056
slr1847	P73057
slr1849	P73059
slr2033	P73068
slr2045	P73087
slr2049	P73092
sll1833	P73117
sll1831	P73119
sll0998	P73123
ssl1911	P73124
slr1019	P73125
sll0992	P73137
slr1034	P73145
sll0985	P73148
slr1377	P73157
slr1379	P73159
slr1380	P73160
sll1298	P73163
sll1296	P73172
sll1291	P73176
sll1290	P73177
slr1392	P73182
slr1705	P73211
slr1706	P73212
slr1710	P73218
slr2023	P73242
sll1916	P73246
slr1133	P73257
sll1078	P73269
sll1077	P73270
sll1074	P73274
slr1145	P73275
sll1070	P73282
sll1824	P73289
ssl3445	P73292
sll1822	P73293
sll1821	P73294
sll1819	P73296
sll1817	P73298
sml0006	P73300
ssl3441	P73301
sll1813	P73303
sll1812	P73304
sll1811	P73305
sll1810	P73306
sll1809	P73307
sll1808	P73308
sll1807	P73309
sll1806	P73310
ssl3437	P73311
ssl3436	P73312
sll1805	P73313
sll1803	P73315
ssl3432	P73316
sll1801	P73318
sll1800	P73319
sll1799	P73320
slr1894	P73321
slr1899	P73327
ssl2233	P73336
sll1121	P73339
slr1198	P73348
slr1199	P73349
slr1216	P73368
sll1967	P73374
slr2073	P73376
sll1733	P73394
sll1721	P73405
sll1713	P73417
sll1712	P73418
slr1538	P73423
ssl2823	P73435
sll1459	P73440
slr1549	P73441
sll1451	P73451
sll1144	P73460
slr1219	P73462
sll1143	P73465
slr1226	P73471
slr1228	P73473
slr1233	P73479
ssr2061	P73492
slr1239	P73496
slr1434	P73500
sll1360	P73507
sll1356	P73511
slr1443	P73515
sll1354	P73518
sll1353	P73519
sll1282	P73527
sll1277	P73532
sll1270	P73544
slr0875	P73553
slr0877	P73558
slr0879	P73560
slr0880	P73561
sll0873	P73562
sll1304	P73599
slr1857	P73608
sll1773	P73623
ssl3379	P73634
sll1767	P73636
slr1878	P73638
sll1766	P73639
sll1760	P73646
slr1886	P73658
slr2141	P73677
slr1803	P73682
slr1805	P73687
sll1688	P73711
slr1821	P73714
sll1631	P73717
sll1625	P73723
slr1746	P73737
sll0853	P73747
slr0863	P73754
sll1165	P73769
slr1248	P73786
slr1249	P73787
slr1251	P73789
ssl2296	P73790
sll1147	P73795
slr1256	P73796
sll1959	P73806
slr2057	P73809
sll1909	P73820
sll1905	P73828
slr1718	P73849
sll1596	P73859
sll1590	P73865
slr1728	P73866
slr1730	P73869
slr1731	P73870
slr0264	P73879
slr0267	P73885
sll0245	P73886
sll0244	P73887
slr2079	P73903
slr2081	P73906
slr2082	P73907
sll1988	P73910
sll1980	P73920
slr2098	P73926
slr2104	P73932
slr1506	P73946
slr1513	P73954
sll1414	P73956
slr1521	P73965
slr1322	P74002
slr1324	P74004
sll1228	P74015
slr0808	P74035
slr0809	P74036
sll0818	P74038
sll0813	P74044
slr0817	P74053
slr0823	P74063
sll1263	P74068
sll1262	P74069
sll1261	P74070
sll1260	P74071
sll1254	P74078
slr1348	P74089
ssl3580	P74095
slr1966	P74105
slr1972	P74117
slr1974	P74120
slr1979	P74130
sll1874	P74134
sll1871	P74137
slr1984	P74142
smr0010	P74149
sll1383	P74158
slr1476	P74163
sll1374	P74168
sll1180	P74176
slr1270	P74182
slr1278	P74192
sll1434	P74216
sll1432	P74218
slr1534	P74220
sll1101	P74226
sll1098	P74228
sll1097	P74229
slr1165	P74241
slr1167	P74246
slr1170	P74249
sll1085	P74257
slr1673	P74261
slr1675	P74263
slr1677	P74265
slr1678	P74266
ssr2799	P74267
sll1564	P74269
sll1559	P74281
sll0920	P74299
slr0943	P74309
slr0944	P74311
slr0949	P74318
slr0953	P74325
slr0954	P74327
slr0955	P74328
sll0905	P74331
sll1540	P74336
slr1627	P74343
slr1629	P74346
ssl2982	P74352
slr1639	P74355
slr1649	P74371
sll1520	P74374
sll0420	P74386
sll0271	P74395
sll0260	P74409
ssr0482	P74410
sll0257	P74415
slr0395	P74422
sll0356	P74435
slr0152	P74451
sll0145	P74456
slr0164	P74466
slr1925	P74475
sll1865	P74476
slr1934	P74490
sll1854	P74492
sll1848	P74498
slr1943	P74505
ssr3307	P74508
sll1841	P74510
slr1950	P74512
slr0989	P74514
sll0947	P74518
sll1343	P74527
slr1426	P74533
slr1454	P74547
slr1464	P74557
slr0652	P74561
sll0629	P74564
slr0653	P74565
slr0659	P74571
slr0661	P74572
sll0626	P74573
slr1560	P74592
slr1562	P74593
slr1563	P74594
slr1565	P74596
sll0729	P74637
slr1651	P74652
sll1547	P74662
slr0453	P74690
sll0430	P74702
sll1110	P74707
sll0574	P74731
slr0591	P74732
sll0573	P74733
sll0567	P74739
ssr1558	P74779
smr0003	P74810
slr0257	P75023
slr1596	P75028
slr0966	P77960
sll1814	P77964
slr1453	Q01895
slr1452	Q01903
ssr3383	Q01950
slr1138	Q06475
sll0262	Q08871
sll1910	Q46363
smr0011	Q55004
slr0746	Q55034
sll0412	Q55115
sll0408	Q55118
slr0434	Q55119
slr0435	Q55120
slr0436	Q55121
sll0400	Q55129
sll0070	Q55135
slr0051	Q55136
slr0053	Q55142
slr0056	Q55145
slr0064	Q55156
sll0053	Q55160
slr0070	Q55163
sll0461	Q55167
slr0484	Q55177
slr0488	Q55179
slr0495	Q55185
sll0682	Q55197
sll0681	Q55198
sll0680	Q55199
sll0679	Q55200
slr1719	Q55233
sll1599	Q55281
sll1600	Q55282
sml0008	Q55329
smr0004	Q55330
slr0896	Q55364
slr0897	Q55365
slr0900	Q55368
sll0891	Q55383
slr0923	Q55385
slr0829	Q55414
slr0836	Q55420
sll0830	Q55421
sll0828	Q55424
sll0823	Q55431
sll0822	Q55432
slr0846	Q55433
sll0043	Q55443
sll0041	Q55445
sll0036	Q55452
slr0036	Q55453
sll0033	Q55455
sll0030	Q55459
slr0041	Q55461
sll0027	Q55464
sll0026	Q55465
slr0533	Q55475
sll0507	Q55481
sll0506	Q55482
sll0502	Q55486
sll0501	Q55487
sll0902	Q55497
sll0901	Q55498
slr0925	Q55499
sll0900	Q55503
slr0546	Q55508
sll0528	Q55518
slr0322	Q55527
slr0328	Q55535
slr0169	Q55550
sll0173	Q55557
sll0169	Q55559
sll0166	Q55562
slr0181	Q55569
sll0154	Q55575
slr0361	Q55578
slr0370	Q55585
sll0337	Q55586
slr0774	Q55610
slr0775	Q55611
slr0776	Q55612
sll0765	Q55613
sll0760	Q55618
slr0780	Q55622
sll0754	Q55625
slr0357	Q55653
sll0021	Q55661
sll0020	Q55662
sll0016	Q55666
slr0021	Q55682
sll0002	Q55683
slr0220	Q55690
slr0222	Q55693
sll0202	Q55694
slr0229	Q55702
sll0617	Q55707
slr0638	Q55716
slr0640	Q55718
slr0644	Q55724
slr0415	Q55736
sll0385	Q55740
slr0423	Q55752
sll0368	Q55758
sll0182	Q55774
slr0207	Q55779
slr0072	Q55787
slr0075	Q55791
sll0086	Q55794
sll0084	Q55796
slr0086	Q55807
slr0090	Q55810
slr0091	Q55811
slr0096	Q55814
sll0486	Q55819
sll0477	Q55834
sll0474	Q55838
sll0467	Q55850
sll0594	Q55854
sll0593	Q55855
slr0618	Q55860
sll0109	Q55869
slr0116	Q55891
ssl0546	Q55899
sll0288	Q55901
sll0286	Q55911
slr0309	Q55914
slr0314	Q55921
slr0788	Q55929
slr0795	Q55936
sll0790	Q55941
sll0671	Q55968
sll0739	Q55993
sll0517	Q57014
slr0015	Q57310
sll0401	Q59977
sll0057	Q59978
slr0922	Q59989
slr0574	Q59990
slr0543	Q59992
slr0214	Q59995
sll0184	Q59996
slr6102	Q6YRQ2
slr6042	Q6YRW2
slr6037	Q6YRW7
slr6034	Q6YRX0
slr6001	Q6YS03
sll8049	Q6ZE43
ssr7093	Q6ZEA5
slr7092	Q6ZEA6
ssr7072	Q6ZEC6
slr7071	Q6ZEC7
ssr7017	Q6ZEI1
slr7016	Q6ZEI2
slr7015	Q6ZEI3
sll7003	Q6ZEJ5
sll5107	Q6ZEM3
sll5104	Q6ZEM6
sll5094	Q6ZEN6
sll5060	Q6ZES0
sll5041	Q6ZET9
sll0737	O06944
slr1353	P42350
sll1247	P45451
slr0093	P50027
slr0556	P52056
slr0709	P52761
sll0615	P52876
slr0104	P54371
sll0100	P54984
ssr2754	P58235
ssr0761	P58236
ssl0788	P72570
ssl0787	P72571
ssl0769	P72572
ssr0102	P72573
ssr0109	P72574
ssl1300	P72576
slr0613	P72582
sll0558	P72583
slr1315	P72589
slr1316	P72590
slr1317	P72591
slr1318	P72592
slr1319	P72593
sll1206	P72594
sll1205	P72595
sll1204	P72596
sll1203	P72597
sll1202	P72598
sll1409	P72599
sll1408	P72600
sll1407	P72601
sll1406	P72602
sll1405	P72603
slr1484	P72605
slr1485	P72606
slr1488	P72607
slr1489	P72608
slr1490	P72609
slr1491	P72610
slr1492	P72611
slr1493	P72612
slr1494	P72613
sll1401	P72614
sll1400	P72615
ssl2733	P72616
sll1399	P72617
slr1495	P72618
sll1396	P72619
slr1498	P72620
sll1392	P72624
slr1501	P72625
slr1113	P72626
slr1114	P72627
slr1115	P72628
slr1116	P72629
slr1117	P72630
sll1064	P72631
slr1118	P72632
sll1063	P72633
slr1119	P72634
sll1062	P72635
sll1061	P72636
sll1060	P72637
ssl2069	P72638
ssr1853	P72639
sll1057	P72643
slr1122	P72645
sll1054	P72646
sll1053	P72647
slr1124	P72649
slr1125	P72650
sll1052	P72651
sll1049	P72653
slr1127	P72654
slr1128	P72655
sll0712	P72662
sll0710	P72664
sll0709	P72665
slr0723	P72668
slr0724	P72669
slr0725	P72670
slr0727	P72671
slr0728	P72672
slr0729	P72673
slr0730	P72674
slr0731	P72675
sll0704	P72676
slr0732	P72677
sll0703	P72678
sll0702	P72679
ssl1326	P72681
slr0734	P72682
slr0739	P72683
slr0740	P72684
sll0696	P72685
slr0236	P72690
slr0237	P72691
slr0238	P72692
ssl0426	P72693
slr0239	P72694
slr0240	P72695
slr0241	P72696
slr0242	P72697
slr0243	P72698
sll0230	P72699
slr0244	P72700
slr0245	P72702
sll0225	P72706
sll0224	P72707
slr0249	P72708
slr0250	P72709
slr0251	P72710
ssl0410	P72713
sll0222	P72715
sgl0002	P72716
slr0254	P72718
sll0221	P72719
sll0218	P72722
sll0216	P72724
slr1411	P72725
slr1413	P72727
slr1414	P72728
slr1415	P72729
slr1416	P72730
sll1319	P72732
sll1318	P72733
sll1041	P72734
sll1040	P72735
slr1094	P72737
sll1039	P72738
slr1095	P72739
slr1097	P72741
slr1098	P72742
slr1100	P72744
slr1101	P72745
slr1102	P72746
slr1103	P72747
slr1104	P72748
sll1037	P72750
sll1036	P72751
ssl2009	P72752
slr1106	P72754
slr1107	P72755
sll1033	P72756
sll1027	P72762
slr1109	P72763
slr1110	P72764
slr1772	P72765
sll1686	P72766
ssr2972	P72767
slr1773	P72768
slr1774	P72769
slr1776	P72770
slr1778	P72773
sll1683	P72774
slr1780	P72777
sll1681	P72778
sll1680	P72779
slr1784	P72782
sll1678	P72783
sll1677	P72784
sll1675	P72786
slr1788	P72788
slr1789	P72789
sll1673	P72790
sll1671	P72792
ssr2998	P72798
slr1794	P72799
ssr3000	P72801
sll1667	P72802
sll1666	P72803
slr1796	P72804
sll1665	P72805
sll1664	P72806
sll1663	P72807
slr1798	P72809
sll1660	P72810
sll1658	P72812
slr1799	P72813
slr1800	P72814
sll1656	P72815
sll1655	P72816
sll1654	P72817
sll1652	P72819
slr1290	P72821
sll1201	P72822
sll1200	P72824
slr1293	P72825
ssr2142	P72826
ssl2384	P72829
slr1298	P72831
sll1193	P72833
sll1191	P72837
ssr2153	P72838
slr1301	P72839
slr1302	P72840
slr1303	P72841
sll1189	P72842
slr1306	P72844
sll1188	P72845
sll1186	P72847
slr1307	P72850
slr0962	P72852
sll0943	P72853
slr0967	P72857
sll0939	P72858
sll0938	P72859
ssl1792	P72860
sll0936	P72861
slr0969	P72862
slr0971	P72863
sll0934	P72864
sll0933	P72865
sll0932	P72867
sll0931	P72868
sll0930	P72869
sll0925	P72873
slr0975	P72875
sll0924	P72876
sll0923	P72877
sll0922	P72878
slr0976	P72879
slr0978	P72881
slr0980	P72882
slr0981	P72883
slr0982	P72884
slr0983	P72885
slr0984	P72886
slr0985	P72887
slr1610	P72888
slr1611	P72889
slr1612	P72890
slr1613	P72891
slr1614	P72892
slr1615	P72893
slr1616	P72894
slr1617	P72895
slr1618	P72896
slr1062	P72898
slr1063	P72899
slr1064	P72900
slr1065	P72901
slr1066	P72902
slr1068	P72904
slr1069	P72905
slr1070	P72906
slr1071	P72907
slr1073	P72909
slr1074	P72910
slr1076	P72911
slr1077	P72912
ssr1765	P72913
ssr1766	P72914
slr1078	P72915
slr1079	P72916
ssr1768	P72917
slr1081	P72918
slr1082	P72919
slr1083	P72920
slr1084	P72921
slr1085	P72922
slr1087	P72923
sll1025	P72924
ssl1972	P72925
sll1022	P72928
sll1020	P72930
slr1400	P72936
slr0670	P72937
sll0656	P72938
sll0654	P72939
slr0680	P72944
slr0681	P72945
sll0650	P72947
sll0649	P72948
sll0647	P72950
sll0645	P72952
sll0644	P72953
slr0686	P72954
slr0687	P72956
sll0641	P72957
slr0688	P72959
ssr1155	P72960
slr0689	P72961
sll0639	P72962
sll0638	P72963
slr0692	P72964
slr0695	P72967
slr1590	P72968
slr1591	P72969
slr1593	P72971
slr1594	P72972
sll1516	P72974
sll1515	P72975
slr1597	P72976
sll1512	P72979
sll1511	P72981
sll1510	P72982
sll1509	P72983
slr1599	P72984
slr1600	P72985
slr1601	P72987
sll1507	P72989
slr1603	P72990
ssr2699	P72992
ssl2923	P72993
ssl2922	P72994
ssl2920	P72995
sll1505	P72996
sll1504	P72997
sll1503	P72998
ssr2708	P72999
ssr2711	P73000
slr1608	P73001
sll1500	P73003
slr1609	P73004
slr1041	P73005
slr1042	P73006
slr1043	P73007
slr1044	P73008
slr1047	P73011
sll1011	P73013
slr1052	P73017
slr1053	P73018
sll1009	P73019
slr1056	P73021
sll1006	P73022
sll1005	P73023
sll1004	P73024
ssl1923	P73026
ssl1922	P73027
ssl1920	P73028
sll1002	P73029
sll1001	P73030
ssl1918	P73031
slr1753	P73032
sll1647	P73034
slr1760	P73036
slr1762	P73039
slr1763	P73040
sll1642	P73041
slr1764	P73042
ssr2962	P73044
slr1767	P73045
sll1640	P73046
slr1768	P73049
sll1636	P73050
slr1770	P73051
slr1771	P73052
sll1752	P73054
ssr3122	P73055
sll1751	P73060
sll1749	P73062
slr1851	P73063
ssr3129	P73064
sll1946	P73065
slr2032	P73066
ssr3452	P73072
slr2036	P73073
slr2037	P73074
slr2038	P73075
sll1942	P73076
slr2041	P73078
slr2042	P73079
sll1940	P73080
sll1939	P73081
ssr3465	P73082
sll1938	P73083
sll1937	P73084
slr2043	P73085
slr2044	P73086
ssr3467	P73088
slr2046	P73089
slr2047	P73090
slr2048	P73091
slr2052	P73094
sll1934	P73095
slr2053	P73096
sll1930	P73099
sll1929	P73100
slr1906	P73101
slr1907	P73102
slr1908	P73103
slr1909	P73104
slr1910	P73105
slr1911	P73106
sll1837	P73107
slr1912	P73108
slr1913	P73109
slr1914	P73110
sll1835	P73111
sll1834	P73112
slr1915	P73113
slr1916	P73114
slr1917	P73115
slr1918	P73116
sll1832	P73118
sll1830	P73120
slr1919	P73121
slr1920	P73122
sll0997	P73126
slr1020	P73128
ssr1698	P73129
sll0995	P73130
sll0994	P73131
sll0993	P73132
slr1023	P73134
slr1024	P73135
slr1025	P73136
slr1028	P73139
slr1032	P73142
slr1033	P73143
ssr1720	P73144
slr1035	P73146
sll0986	P73147
sll0984	P73149
slr1037	P73150
sll0983	P73151
sll0982	P73152
sll0981	P73153
sll0980	P73154
slr1039	P73155
slr1376	P73156
slr1378	P73158
ssr2315	P73164
slr1383	P73165
ssr2317	P73166
slr1384	P73167
slr1385	P73168
ssr2318	P73169
sll1297	P73170
ssl2559	P73171
sll1294	P73173
sll1293	P73174
sll1292	P73175
sll1289	P73178
slr1391	P73180
ssr2333	P73181
slr1393	P73184
slr1394	P73185
sll1286	P73186
slr1395	P73187
slr1396	P73188
slr1397	P73189
slr1398	P73190
sll1284	P73192
sll1283	P73193
slr1699	P73194
sll1584	P73195
sll1583	P73196
sll1582	P73197
sll1581	P73198
ssr2843	P73199
slr1702	P73200
ssr2848	P73206
slr1704	P73207
sll1573	P73210
ssr2857	P73213
slr1708	P73214
sll1571	P73216
sll1570	P73217
sll1568	P73219
sll1927	P73220
sll1926	P73221
slr2005	P73222
sll1925	P73223
slr2006	P73224
slr2007	P73225
slr2008	P73226
slr2009	P73227
slr2010	P73228
ssr3409	P73229
ssr3410	P73230
slr2011	P73231
slr2012	P73232
slr2013	P73233
sll1924	P73234
slr2015	P73235
slr2016	P73236
slr2017	P73237
slr2018	P73238
slr2019	P73239
sll1921	P73240
slr2024	P73243
slr2025	P73244
sll1915	P73247
slr2027	P73249
sll1913	P73250
sll1912	P73251
ssl3615	P73252
sll1911	P73253
slr2030	P73255
slr2031	P73256
slr1134	P73258
slr1135	P73259
sll1084	P73260
slr1140	P73264
sll1081	P73266
sll1080	P73267
sll1079	P73268
slr1142	P73271
slr1143	P73272
sll1076	P73273
slr1148	P73277
slr1149	P73278
slr1150	P73279
sll1072	P73280
sll1071	P73281
sll1068	P73285
ssl3451	P73286
sll1825	P73288
ssl3446	P73291
sll1797	P73322
slr1895	P73323
slr1896	P73324
slr1897	P73325
slr1900	P73328
slr1901	P73329
slr1902	P73330
slr1903	P73331
sll1792	P73332
sll1791	P73333
sll1124	P73337
sll1123	P73338
sll1119	P73341
slr1194	P73342
slr1195	P73343
slr1196	P73344
slr1197	P73345
sll1118	P73346
ssr2009	P73347
slr1200	P73350
slr1201	P73351
slr1202	P73352
slr1203	P73353
slr1205	P73355
slr1206	P73356
slr1207	P73357
ssr2016	P73358
slr1208	P73359
slr1209	P73360
slr1210	P73361
slr1211	P73362
slr1212	P73363
slr1213	P73364
slr1214	P73365
slr1215	P73366
sll1971	P73369
slr2070	P73370
slr2071	P73371
sll1969	P73372
sll1968	P73373
slr2074	P73377
sll1965	P73378
slr2077	P73380
slr2078	P73381
ssl3712	P73382
slr1826	P73383
slr1827	P73384
sll1739	P73385
sll1738	P73386
sll1737	P73387
slr1828	P73388
sll1736	P73391
sll1735	P73392
sll1734	P73393
sll1732	P73395
sll1730	P73396
sll1726	P73399
sll1725	P73400
sll1724	P73401
sll1723	P73402
sll1722	P73403
slr1837	P73404
slr1840	P73408
slr1841	P73409
sll1717	P73413
sll1716	P73414
sll1715	P73415
sll1714	P73416
sll1469	P73419
slr1535	P73420
slr1537	P73422
slr1540	P73424
slr1541	P73425
slr1543	P73427
sll1468	P73428
slr1544	P73430
slr1545	P73431
slr1546	P73432
slr1547	P73433
sll1466	P73434
sll1462	P73438
sll1461	P73439
ssr2611	P73442
sll1457	P73444
sll1456	P73445
slr1552	P73446
sll1455	P73447
sll1453	P73449
sll1634	P73453
slr1748	P73454
ssl3177	P73455
sll1632	P73457
slr1751	P73458
slr1752	P73459
slr1218	P73461
slr1220	P73463
slr1222	P73464
sll1142	P73466
slr1223	P73467
slr1224	P73468
sll1138	P73470
slr1227	P73472
slr1229	P73474
slr1230	P73475
sll1135	P73476
slr1232	P73477
ssr2047	P73478
ssr2049	P73480
slr1234	P73481
slr1235	P73482
slr1236	P73483
ssl2250	P73484
sll1132	P73485
sll1131	P73486
slr1237	P73487
sll1130	P73488
ssl2245	P73489
sll1129	P73490
ssr2060	P73491
ssr2062	P73494
slr1240	P73497
slr1241	P73498
ssr2067	P73499
slr1435	P73501
slr1436	P73502
slr1437	P73503
slr1438	P73504
ssr2406	P73506
slr1440	P73508
sll1359	P73509
sll1358	P73510
slr1441	P73512
sll1355	P73513
slr1442	P73514
slr1444	P73516
ssr2422	P73517
sll1352	P73520
slr1448	P73521
slr1449	P73522
slr1450	P73523
sll1350	P73524
sll1349	P73525
sll1280	P73529
slr1357	P73531
sll1276	P73533
slr1362	P73535
sll1274	P73536
slr1363	P73537
slr1365	P73539
sll1273	P73541
sll1272	P73542
sll1271	P73543
slr1368	P73547
sll1268	P73549
sll1267	P73550
sll1265	P73551
sll0877	P73552
sll0875	P73555
slr0876	P73556
ssr1480	P73557
slr0878	P73559
slr0881	P73564
sll0872	P73565
slr0882	P73566
slr0883	P73567
sll0871	P73568
slr0885	P73570
sll0867	P73573
slr0887	P73575
slr0888	P73576
slr0889	P73577
ssr1499	P73578
slr0890	P73579
slr0891	P73581
sll0864	P73582
sll0863	P73583
sll0862	P73584
sll0860	P73586
ssl2595	P73587
sll1315	P73588
sll1314	P73589
slr1403	P73590
sll1308	P73591
slr1406	P73592
slr1407	P73593
slr1409	P73594
slr1410	P73595
sll1307	P73596
sll1306	P73597
sll1305	P73598
sll1785	P73600
sll1784	P73601
sll1783	P73602
slr1852	P73603
slr1853	P73604
slr1854	P73605
slr1855	P73606
slr1856	P73607
slr1859	P73609
slr1861	P73611
slr1862	P73612
slr1863	P73613
slr1864	P73614
slr1865	P73615
slr1866	P73616
sll1775	P73619
sll1774	P73620
slr1869	P73621
slr1870	P73622
slr1871	P73624
sll1771	P73626
sll1770	P73627
sll1769	P73628
ssl3383	P73629
ssl3382	P73630
sll1768	P73631
slr1875	P73633
slr1876	P73635
slr1877	P73637
sll1765	P73640
sll1764	P73641
sll1763	P73642
sll1762	P73643
slr1879	P73644
sll1761	P73645
slr1880	P73647
ssr3184	P73649
slr1881	P73650
sll1757	P73652
ssr3188	P73653
ssl3364	P73654
ssr3189	P73656
slr1885	P73657
sll1755	P73659
slr1888	P73661
sll2015	P73663
sll2014	P73664
sll2013	P73665
sll2012	P73666
sll2009	P73669
sll2008	P73670
slr2135	P73671
sll2007	P73673
sll2006	P73674
ssl3829	P73675
sll2003	P73678
slr2143	P73679
sll2002	P73680
slr2144	P73681
sll1710	P73683
sll1709	P73684
ssl3291	P73685
sll1708	P73686
sll1704	P73688
sll1702	P73690
slr1807	P73691
slr1809	P73692
sll1699	P73693
sll1698	P73694
sll1697	P73695
slr1811	P73696
slr1812	P73697
slr1813	P73698
slr1814	P73699
slr1815	P73700
slr1816	P73701
sll1696	P73702
sll1695	P73703
sll1694	P73704
sll1693	P73705
slr1818	P73706
sll1692	P73707
sll1691	P73708
slr1819	P73709
sll1689	P73710
slr1820	P73712
sll1687	P73713
slr1732	P73716
sll1630	P73718
sll1628	P73719
slr1734	P73720
slr1735	P73721
sll1624	P73724
sll1623	P73725
slr1737	P73727
slr1738	P73729
sll1620	P73730
slr1739	P73731
slr1740	P73732
sll1618	P73733
slr1744	P73736
slr1747	P73738
slr0851	P73739
slr0852	P73740
slr0853	P73741
sll0858	P73742
sll0857	P73743
sll0856	P73744
sll0855	P73745
sll0854	P73746
slr0856	P73748
sll0847	P73751
sll0846	P73752
slr0862	P73753
sll0843	P73756
sll0842	P73757
slr0864	P73758
slr0865	P73759
sll0839	P73760
sll0837	P73762
slr0867	P73763
slr0868	P73764
slr0869	P73765
slr0870	P73766
slr0871	P73767
slr0872	P73768
slr1243	P73770
sll1164	P73771
sll1163	P73772
sll1162	P73773
sll1161	P73774
sll1160	P73775
sll1159	P73776
sll1158	P73777
slr1245	P73778
ssr2078	P73779
slr1246	P73780
sll1157	P73781
sll1156	P73782
sll1155	P73783
sll1154	P73784
slr1247	P73785
sll1151	P73791
ssr2087	P73792
sll1150	P73793
slr1253	P73794
slr1257	P73797
slr1258	P73798
slr1259	P73799
slr1260	P73800
slr1261	P73801
slr1262	P73802
slr1263	P73803
sll1961	P73804
sll1960	P73805
sll1957	P73808
slr2059	P73811
slr2060	P73812
sll1956	P73813
sll1954	P73814
ssl3692	P73815
slr2062	P73816
sll1950	P73818
sll1949	P73819
slr1990	P73822
slr1991	P73823
sll1906	P73827
slr1998	P73829
slr1999	P73830
slr2000	P73831
slr2003	P73834
sll1902	P73835
ssr3402	P73836
slr2004	P73837
slr1712	P73838
sll1613	P73841
sll1612	P73842
sll1611	P73843
sll1609	P73844
sll1608	P73845
slr1717	P73846
sll1606	P73847
slr1721	P73852
slr1722	P73853
slr1723	P73854
sll1601	P73855
slr1724	P73856
ssl3127	P73857
ssr2898	P73858
slr1726	P73861
sll1594	P73862
sll1592	P73864
ssr2912	P73868
sll1586	P73871
sll0254	P73872
sll0253	P73873
slr0260	P73874
ssl0467	P73875
sll0252	P73876
slr0262	P73877
slr0263	P73878
slr0265	P73880
ssl0461	P73882
sll0249	P73883
slr0269	P73888
slr0270	P73889
ssl0453	P73890
ssl0452	P73891
slr0271	P73892
slr0272	P73893
slr0273	P73894
sll0243	P73895
sll0242	P73896
sll0241	P73897
sll0240	P73898
sll0238	P73899
sll0237	P73900
ssl0438	P73901
sll0236	P73902
ssr3532	P73904
slr2080	P73905
slr2083	P73908
slr2084	P73909
slr2089	P73914
sll1985	P73915
sll1982	P73916
slr2092	P73917
sll1981	P73918
ssl3769	P73919
sll1979	P73921
slr2095	P73923
slr2096	P73924
slr2099	P73927
slr2100	P73928
slr2101	P73929
slr2103	P73931
slr2105	P73934
sll1429	P73936
ssl2789	P73937
sll1428	P73938
slr1503	P73939
sll1426	P73941
slr1505	P73943
sll1424	P73944
ssl2781	P73945
slr1507	P73947
slr1508	P73948
slr1509	P73949
slr1512	P73953
ssr2549	P73957
slr1515	P73958
ssr2551	P73959
ssr2554	P73961
slr1519	P73963
slr1520	P73964
slr1522	P73966
slr1523	P73967
slr1524	P73968
sll1411	P73969
ssl2749	P73970
ssr3570	P73972
ssr3571	P73973
slr2107	P73974
slr2108	P73975
sll1998	P73976
sll1997	P73977
slr2110	P73978
slr2111	P73979
slr2112	P73980
slr2114	P73981
slr2115	P73982
slr2116	P73983
slr2117	P73984
slr2118	P73985
slr2119	P73986
slr2120	P73987
slr2121	P73988
slr2122	P73989
slr2123	P73990
slr2124	P73991
slr2125	P73992
slr2126	P73993
slr2127	P73994
slr2128	P73995
sll1995	P73996
slr2131	P73998
sll1241	P73999
sll1240	P74000
sll1239	P74001
ssr2194	P74005
sll1236	P74006
ssr2201	P74009
slr1327	P74010
sll1233	P74011
sll1232	P74012
sll1231	P74013
sll1229	P74014
slr1331	P74016
slr1332	P74017
sll1226	P74018
sll1225	P74019
ssl2420	P74020
sll1224	P74021
sll1223	P74022
sll1222	P74023
sll1221	P74024
sll1220	P74025
ssr2227	P74026
slr1334	P74027
sll1219	P74028
sll1218	P74029
sll1217	P74030
ssr1375	P74031
slr0804	P74032
slr0806	P74033
slr0810	P74037
ssl1520	P74039
sll0816	P74041
sll0815	P74042
sll0814	P74043
slr0813	P74046
sll0812	P74047
slr0815	P74048
slr0816	P74049
sll0811	P74050
sll0810	P74051
sll0809	P74052
slr0818	P74054
ssr1391	P74056
slr0820	P74057
ssl1507	P74058
sll0808	P74059
slr0821	P74060
slr0822	P74062
sll0804	P74064
sll0803	P74065
sll0802	P74066
sll1258	P74073
slr1338	P74074
slr1339	P74075
slr1340	P74076
sll1255	P74077
slr1342	P74079
slr1343	P74080
sll1252	P74082
slr1344	P74083
sll1251	P74084
ssl2471	P74085
sll1250	P74086
slr1956	P74092
slr1957	P74093
slr1958	P74094
sll1898	P74096
slr1959	P74097
sll1897	P74098
ssl3573	P74099
slr1962	P74100
sll1895	P74101
sll1892	P74107
slr1968	P74108
sll1891	P74109
sll1890	P74110
ssr3341	P74112
slr1970	P74113
slr1971	P74114
sll1888	P74115
ssl3549	P74116
sll1886	P74118
sll1885	P74119
sll1884	P74121
sll1882	P74123
slr1975	P74124
sll1880	P74125
sll1879	P74126
sll1878	P74127
slr1977	P74128
slr1978	P74129
slr1980	P74131
sll1873	P74135
sll1872	P74136
slr1982	P74138
slr1983	P74139
sll1870	P74140
sll1869	P74141
sll1866	P74144
sll1390	P74145
ssl2717	P74146
sll1389	P74147
sll1388	P74148
sll1387	P74150
sll1386	P74151
slr1467	P74152
slr1468	P74153
slr1470	P74154
slr1472	P74156
sll1384	P74157
sll1382	P74159
slr1474	P74160
sll1381	P74161
sll1380	P74162
sll1378	P74164
slr1478	P74166
sll1373	P74169
sll1372	P74170
sll1371	P74171
sll1370	P74172
sll1369	P74173
sll1182	P74174
sll1181	P74175
sll1178	P74178
slr1266	P74179
slr1271	P74183
slr1272	P74184
slr1273	P74185
slr1274	P74186
slr1275	P74187
slr1276	P74188
slr1277	P74189
sll1174	P74190
sll1173	P74191
slr1282	P74195
slr1283	P74196
sll1170	P74197
sll1169	P74198
sll1167	P74200
ssr2130	P74201
slr1287	P74202
slr1288	P74203
sll1166	P74204
sll1447	P74205
sll1446	P74206
sll1442	P74209
slr1529	P74210
slr1530	P74212
sll1439	P74213
slr1533	P74219
slr1152	P74221
ssl2162	P74222
sll1104	P74223
sll1103	P74224
sll1102	P74225
sll1095	P74231
slr1160	P74233
ssl2153	P74234
sll1094	P74235
slr1161	P74236
slr1162	P74237
slr1163	P74238
ssl2148	P74239
slr1166	P74242
sll1092	P74243
ssl2138	P74244
slr1168	P74247
slr1169	P74248
sll1089	P74251
sll1087	P74252
sll1086	P74253
slr1173	P74254
ssr1951	P74255
slr1174	P74256
slr1670	P74259
slr1674	P74262
slr1676	P74264
ssr2802	P74270
ssr2803	P74271
ssr2806	P74272
sll1563	P74273
sll1562	P74274
sll1561	P74275
slr1681	P74276
slr1682	P74277
sll1560	P74278
slr1683	P74279
slr1684	P74280
slr1686	P74282
ssl3044	P74283
slr1687	P74284
sll1557	P74286
sll1555	P74288
slr1690	P74291
slr1692	P74293
slr1693	P74294
slr1694	P74295
sll0921	P74298
slr0935	P74300
slr0937	P74302
sll0915	P74305
slr0941	P74307
sll0914	P74310
slr0947	P74314
slr0948	P74315
sll0913	P74316
sll0912	P74317
slr0950	P74319
sll0911	P74320
sll0910	P74321
sll0909	P74322
ssr1600	P74326
slr0957	P74329
slr0959	P74332
slr0960	P74333
ssr2723	P74335
slr1624	P74339
sll1538	P74340
sll1537	P74341
sll1536	P74344
slr1628	P74345
sll1535	P74347
sll1534	P74348
sll1533	P74349
slr1634	P74350
sll1532	P74351
slr1636	P74353
slr1638	P74354
sll1531	P74356
sll1530	P74357
sll1528	P74358
sll1527	P74359
sll1526	P74360
ssl2971	P74362
sll1524	P74365
slr1644	P74366
slr1647	P74369
slr1648	P74370
sll1522	P74372
slr0442	P74375
sll0428	P74376
ssr0756	P74377
ssr0759	P74378
slr0443	P74379
sll0426	P74380
sll0424	P74381
sll0423	P74382
slr0445	P74385
sll0419	P74387
slr0446	P74389
slr0447	P74390
sll0274	P74392
sll0272	P74394
slr0280	P74396
sll0269	P74398
sll0268	P74399
sll0267	P74400
sll0266	P74401
sll0265	P74402
sll0264	P74403
sll0263	P74404
sll0261	P74405
slr0284	P74406
slr0285	P74407
slr0286	P74408
slr0287	P74411
slr0291	P74412
ssl0483	P74413
slr0292	P74414
slr0294	P74417
slr0392	P74418
slr0393	P74419
sll0364	P74420
sll0361	P74424
sll0360	P74425
sll0359	P74426
slr0397	P74427
slr0398	P74428
slr0401	P74431
slr0404	P74433
ssr0657	P74434
sll0355	P74436
sll0354	P74437
slr0407	P74439
slr0408	P74440
slr0142	P74441
slr0143	P74442
slr0144	P74443
slr0145	P74444
slr0146	P74445
slr0147	P74446
slr0148	P74447
slr0149	P74448
slr0150	P74449
slr0151	P74450
sll0149	P74452
sll0148	P74453
sll0147	P74454
sll0146	P74455
ssl0259	P74458
slr0157	P74460
sll0142	P74461
sll0141	P74462
slr0161	P74463
slr0162	P74464
slr0163	P74465
sll0136	P74468
ssl0242	P74470
ssr0256	P74471
slr0166	P74472
slr1923	P74473
slr1924	P74474
sll1864	P74477
slr1926	P74478
slr1927	P74479
slr1928	P74480
slr1929	P74481
slr1930	P74482
slr1931	P74483
slr1932	P74484
sll1863	P74485
sll1862	P74486
sll1861	P74487
sll1858	P74489
slr1935	P74491
sll1853	P74493
sll1851	P74495
sll1849	P74496
slr1939	P74499
slr1940	P74500
ssr3300	P74501
sll1845	P74502
ssr3304	P74504
slr1944	P74506
slr1946	P74509
slr1949	P74511
slr1951	P74513
slr0990	P74515
slr0993	P74517
ssl1807	P74520
slr1419	P74523
slr1420	P74524
slr1421	P74525
sll1344	P74526
slr1425	P74530
sll1340	P74532
sll1338	P74534
sll1336	P74535
slr1428	P74536
sll1334	P74537
slr1429	P74538
sll1333	P74539
slr1431	P74540
sll1330	P74541
sll1329	P74542
slr1451	P74543
sll1367	P74544
slr1456	P74549
slr1457	P74550
sll1366	P74552
slr1461	P74553
sll1365	P74554
slr1462	P74555
ssl2667	P74558
slr0651	P74560
sll0630	P74563
slr0654	P74566
slr0655	P74567
slr0656	P74568
slr0658	P74570
sll0625	P74574
sll0624	P74575
sll0623	P74577
sll0621	P74579
ssr1114	P74580
slr0664	P74581
slr0666	P74583
slr0667	P74584
slr0668	P74585
slr1556	P74586
slr1557	P74588
sll1496	P74589
sll1495	P74590
slr1564	P74595
slr1566	P74597
sll1491	P74598
slr1567	P74599
slr1568	P74600
sll1489	P74601
sll1488	P74602
slr1570	P74603
slr1571	P74604
slr1572	P74605
ssl2874	P74607
slr1575	P74608
slr1576	P74609
slr1577	P74610
slr1579	P74611
sll1486	P74612
sll1485	P74613
sll1484	P74614
sll1483	P74615
sll1482	P74616
sll1481	P74617
sll1477	P74619
sll1476	P74620
slr1583	P74621
sll1475	P74622
sll1473	P74623
sll1472	P74624
slr1584	P74626
slr1585	P74627
slr1586	P74628
sll0736	P74629
sll0735	P74630
slr0748	P74631
sll0733	P74633
sll0732	P74634
slr0753	P74635
ssl1378	P74636
ssr1256	P74639
slr0755	P74640
ssr1258	P74641
sll0727	P74642
sll0726	P74643
sll0723	P74647
sll0722	P74648
sll0721	P74649
sll0720	P74650
sll1552	P74651
slr1653	P74654
sll1550	P74655
sll1549	P74656
slr1657	P74658
slr1658	P74659
slr1659	P74660
slr1660	P74661
sll1546	P74663
slr1661	P74664
sll1545	P74665
slr1664	P74666
slr1666	P74668
ssr2781	P74669
sll1544	P74670
sll1543	P74671
slr1667	P74672
slr1668	P74673
ssr2786	P74674
sll1542	P74675
sll0451	P74676
sll0450	P74677
slr0449	P74678
sll0449	P74679
sll0448	P74680
sll0447	P74681
sll0446	P74682
sll0445	P74683
sll0444	P74684
sll0443	P74685
slr0451	P74686
sll0442	P74687
sll0441	P74688
ssl0832	P74691
sll0436	P74692
slr0454	P74693
slr0455	P74694
slr0456	P74695
slr0458	P74697
slr0459	P74698
slr0460	P74699
ssr0817	P74700
slr0462	P74701
slr1177	P74704
slr1178	P74705
sll1109	P74708
slr1182	P74711
slr1183	P74712
slr1184	P74713
slr1186	P74715
slr1187	P74716
slr1188	P74717
slr1189	P74718
sll1107	P74719
sll1106	P74720
slr0586	P74722
slr0587	P74723
sll0577	P74725
slr0588	P74726
slr0589	P74727
slr0590	P74728
sll0576	P74729
sll0575	P74730
sll0572	P74734
slr0592	P74735
slr0593	P74736
slr0594	P74738
slr0596	P74740
sll0565	P74742
sll0564	P74743
slr0598	P74744
slr0600	P74746
slr0601	P74747
slr0602	P74748
sll0563	P74749
slr0605	P74752
slr0606	P74753
slr0607	P74754
slr0609	P74756
slr0610	P74757
ssr1513	P74767
ssr1527	P74768
ssr1528	P74769
ssl1046	P74772
sgl0001	P74773
ssl1045	P74774
ssr1407	P74775
ssl1552	P74776
ssr1425	P74777
ssl1533	P74778
ssr1562	P74780
ssl1707	P74781
ssr0536	P74784
ssl0312	P74785
ssl0294	P74786
ssl1417	P74788
sll0319	P74789
ssr0349	P74790
ssr0692	P74791
ssl0750	P74792
ssr0693	P74793
ssl0738	P74794
ssl0352	P74795
ssl0350	P74796
ssr0332	P74797
ssr0336	P74798
ssr0871	P74799
ssr1038	P74800
ssr1041	P74801
ssl0511	P74803
ssl1464	P74804
ssr1169	P74805
ssl1277	P74806
ssr1175	P74807
smr0002	P74808
ssl1263	P74809
ssl1255	P74811
sll0431	P75027
sll1397	P75027
slr1075	P75027
slr0288	P77970
sll0944	P77971
ssr1176	P97152
sll1999	P97153
ssr2439	Q01904
slr0751	Q04737
sll0414	Q55112
slr0431	Q55113
sll0413	Q55114
sll0410	Q55116
sll0406	Q55122
sll0405	Q55123
sll0404	Q55124
slr0438	Q55125
sll0403	Q55126
slr0439	Q55127
slr0440	Q55130
slr0049	Q55131
sll0072	Q55133
sll0071	Q55134
sll0069	Q55137
sll0068	Q55138
sll0067	Q55139
sll0066	Q55140
slr0055	Q55144
sll0064	Q55146
sll0063	Q55147
sll0062	Q55148
slr0058	Q55149
slr0059	Q55150
slr0060	Q55151
slr0061	Q55152
sll0060	Q55153
slr0063	Q55155
slr0065	Q55157
sll0055	Q55159
slr0069	Q55161
sll0051	Q55162
slr0467	Q55164
slr0468	Q55165
sll0462	Q55166
slr0476	Q55171
slr0479	Q55173
slr0480	Q55174
slr0482	Q55175
slr0483	Q55176
slr0487	Q55178
slr0489	Q55180
slr0491	Q55181
slr0492	Q55182
slr0493	Q55183
sll0456	Q55184
slr0496	Q55186
sll0691	Q55188
sll0690	Q55189
sll0688	Q55191
sll0687	Q55192
sll0686	Q55193
sll0685	Q55194
slr0719	Q55201
sll0178	Q55359
sll0888	Q55360
sll0887	Q55361
sll0886	Q55362
slr0895	Q55363
slr0898	Q55366
slr0903	Q55371
slr0904	Q55372
slr0907	Q55374
slr0909	Q55375
slr0912	Q55376
slr0913	Q55377
slr0914	Q55378
slr0919	Q55380
slr0920	Q55381
slr0921	Q55384
slr0924	Q55386
slr0559	Q55387
sll0556	Q55388
sll0553	Q55390
sll0552	Q55391
slr0565	Q55392
sll0549	Q55394
slr0569	Q55395
sll0547	Q55396
sll0546	Q55397
sll0545	Q55398
sll0544	Q55399
slr0572	Q55400
sll0543	Q55401
slr0573	Q55402
slr0575	Q55403
slr0579	Q55405
sll0541	Q55406
slr0580	Q55407
slr0581	Q55408
slr0582	Q55409
sll0540	Q55410
sll0539	Q55411
slr0583	Q55412
slr0825	Q55413
sll0833	Q55416
sll0832	Q55417
slr0835	Q55419
sll0829	Q55423
sll0827	Q55425
slr0841	Q55426
slr0842	Q55427
slr0845	Q55430
slr0848	Q55436
sll0048	Q55437
slr0022	Q55439
sll0045	Q55440
slr0023	Q55441
sll0044	Q55442
sll0042	Q55444
sll0040	Q55446
sll0039	Q55447
sll0038	Q55448
slr0031	Q55449
sll0034	Q55454
sll0031	Q55456
slr0038	Q55457
slr0039	Q55458
sll0518	Q55466
sll0514	Q55470
sll0513	Q55474
slr0534	Q55476
slr0535	Q55477
sll0509	Q55478
sll0508	Q55479
slr0537	Q55480
sll0503	Q55485
slr0541	Q55488
sll0499	Q55489
slr0544	Q55490
sll0498	Q55491
sll0497	Q55492
slr0545	Q55493
sll0496	Q55494
sll0494	Q55495
sll0493	Q55496
slr0929	Q55501
slr0930	Q55502
sll0895	Q55507
sll0536	Q55509
slr0552	Q55514
slr0554	Q55516
sll0529	Q55517
sll0525	Q55519
ssl1004	Q55520
sll0524	Q55521
slr0320	Q55524
sll0306	Q55525
slr0323	Q55528
slr0324	Q55529
slr0325	Q55530
sll0301	Q55531
sll0300	Q55532
slr0326	Q55533
slr0327	Q55534
slr0329	Q55536
sll0298	Q55537
sll0297	Q55538
sll0296	Q55539
ssl0564	Q55540
slr0333	Q55541
slr0334	Q55542
sll0295	Q55543
slr0337	Q55545
sll0294	Q55546
sll0293	Q55547
slr0338	Q55548
slr0168	Q55549
slr0171	Q55551
slr0172	Q55552
sll0177	Q55553
sll0176	Q55554
sll0175	Q55555
sll0174	Q55556
sll0172	Q55558
sll0168	Q55560
sll0167	Q55561
sll0163	Q55563
sll0162	Q55564
slr0179	Q55565
sll1474	Q55566
sll1780	Q55566
slr0180	Q55566
slr1635	Q55566
sll0161	Q55567
ssl0296	Q55568
sll0160	Q55570
sll0157	Q55571
sll0156	Q55572
slr0184	Q55573
slr0359	Q55576
slr0360	Q55577
slr0362	Q55579
sll0350	Q55580
slr0363	Q55581
slr0364	Q55582
slr0366	Q55583
slr0369	Q55584
sll0335	Q55587
slr0373	Q55588
slr0374	Q55589
slr0376	Q55590
slr0377	Q55591
slr0378	Q55592
slr0380	Q55594
sll0330	Q55596
slr0383	Q55597
slr0384	Q55598
sll0328	Q55599
sll0327	Q55600
slr0386	Q55601
slr0387	Q55602
slr0388	Q55603
slr0769	Q55604
slr0770	Q55605
slr0771	Q55606
slr0773	Q55608
sll0764	Q55614
sll0763	Q55615
sll0762	Q55616
sll0761	Q55617
sll0759	Q55619
slr0779	Q55620
sll0756	Q55623
sll0752	Q55627
sll0751	Q55628
sll0749	Q55631
slr0784	Q55632
slr0341	Q55633
sll0325	Q55634
slr0344	Q55635
slr0345	Q55636
sll0321	Q55639
slr0347	Q55640
sll0320	Q55641
sll0317	Q55644
slr0352	Q55645
sll0315	Q55646
slr0353	Q55647
sll0314	Q55648
slr0354	Q55649
slr0356	Q55651
sll0312	Q55652
slr0358	Q55654
sll0310	Q55655
sll0309	Q55656
sll0024	Q55657
sll0023	Q55658
sll0022	Q55659
slr0001	Q55660
slr0006	Q55667
slr0007	Q55668
slr0013	Q55671
slr0016	Q55672
sll0010	Q55675
slr0019	Q55676
sll0008	Q55677
sll0007	Q55678
sll0006	Q55679
sll0005	Q55680
slr0217	Q55686
sll0207	Q55689
sll0205	Q55691
slr0224	Q55695
sll0201	Q55696
sll0651	Q55696
sll0700	Q55696
sll1257	Q55696
sll1437	Q55696
sll1984	Q55696
slr0857	Q55696
slr1716	Q55696
slr1937	Q55696
slr2113	Q55696
slr7105	Q55696
sll0200	Q55697
sll0699	Q55697
sll1256	Q55697
sll1436	Q55697
sll1983	Q55697
slr1715	Q55697
slr1936	Q55697
slr7104	Q55697
slr0226	Q55698
sll0198	Q55699
sll0195	Q55701
slr0231	Q55703
sll0192	Q55704
slr0232	Q55705
slr0630	Q55708
slr0634	Q55711
slr0635	Q55712
sll0611	Q55713
slr0637	Q55715
slr0639	Q55717
sll0609	Q55719
sll0608	Q55720
slr0643	Q55722
sll0606	Q55723
sll0602	Q55726
slr0645	Q55727
slr0646	Q55728
slr0650	Q55730
sll0398	Q55731
sll0397	Q55732
sll0396	Q55733
sll0395	Q55734
sll0394	Q55735
slr0416	Q55737
slr0418	Q55739
sll0384	Q55741
sll0383	Q55742
sll0382	Q55743
sll0381	Q55744
sll0380	Q55745
slr0420	Q55747
slr0421	Q55748
sll0376	Q55751
sll0374	Q55753
sll0372	Q55754
sll0371	Q55755
sll0369	Q55757
slr0427	Q55760
sll0189	Q55761
sll0188	Q55762
slr0191	Q55763
slr0192	Q55764
slr0193	Q55765
slr0195	Q55767
slr0196	Q55768
slr0197	Q55769
sll0185	Q55770
slr0201	Q55771
ssl0353	Q55772
sll0183	Q55773
sll0181	Q55775
sll0180	Q55776
slr0208	Q55780
slr0209	Q55782
slr0210	Q55783
slr0211	Q55784
ssl0331	Q55785
slr0073	Q55788
sll0088	Q55789
slr0074	Q55790
slr0076	Q55792
sll0085	Q55795
slr0079	Q55799
sll0082	Q55800
slr0081	Q55802
slr0088	Q55808
slr0089	Q55809
slr0092	Q55812
slr0095	Q55813
slr0498	Q55815
sll0489	Q55816
sll0488	Q55817
sll0487	Q55818
sll0485	Q55820
sll0484	Q55821
slr0502	Q55822
slr0503	Q55823
slr0505	Q55824
sll0482	Q55826
sll0481	Q55827
slr0509	Q55829
slr0510	Q55830
slr0511	Q55831
sll0479	Q55832
sll0478	Q55833
slr0514	Q55836
slr0516	Q55837
sll0473	Q55839
slr0517	Q55840
slr0518	Q55841
slr0521	Q55844
slr0522	Q55845
sll0471	Q55846
sll0470	Q55847
sll0597	Q55851
sll0596	Q55852
sll0595	Q55853
slr0615	Q55856
slr0616	Q55857
slr0617	Q55858
sll0590	Q55859
slr0619	Q55861
sll0588	Q55862
sll0586	Q55864
sll0585	Q55865
sll0584	Q55866
slr0624	Q55867
slr0625	Q55868
slr0626	Q55870
slr0099	Q55871
sll0107	Q55872
slr0103	Q55873
sll0103	Q55874
slr0105	Q55876
slr0106	Q55877
sll0101	Q55878
sll0099	Q55879
slr0108	Q55881
slr0109	Q55882
sll0096	Q55883
sll0095	Q55884
sll0094	Q55885
slr0110	Q55886
slr0111	Q55887
slr0112	Q55888
slr0114	Q55889
ssl0172	Q55892
sll0092	Q55893
slr0119	Q55895
slr0121	Q55897
slr0298	Q55902
slr0299	Q55903
slr0300	Q55904
slr0302	Q55906
slr0303	Q55907
slr0304	Q55908
slr0305	Q55909
slr0306	Q55910
sll0284	Q55912
sll0283	Q55913
sll0282	Q55915
sll0281	Q55916
sll0280	Q55917
slr0311	Q55918
slr0312	Q55919
slr0313	Q55920
slr0315	Q55922
slr0316	Q55923
slr0317	Q55924
slr0318	Q55925
sll0800	Q55927
slr0789	Q55930
slr0790	Q55931
slr0793	Q55934
slr0794	Q55935
slr0796	Q55937
sll0794	Q55938
sll0793	Q55939
sll0789	Q55942
sll0788	Q55943
slr0799	Q55944
slr0800	Q55945
sll0787	Q55946
sll0786	Q55947
sll0785	Q55948
sll0784	Q55949
sll0783	Q55950
slr0801	Q55951
sll0782	Q55952
sll0781	Q55953
sll0780	Q55954
sll0779	Q55955
sll0778	Q55956
sll0777	Q55957
sll0775	Q55958
slr0697	Q55959
slr0698	Q55960
slr0699	Q55961
slr0700	Q55962
slr0701	Q55963
slr0702	Q55964
sll0678	Q55965
sll0676	Q55966
sll0670	Q55969
sll0669	Q55970
slr0708	Q55972
sll0668	Q55973
sll0667	Q55974
sll0666	Q55975
sll0665	Q55976
sll0664	Q55977
slr0712	Q55979
sll0662	Q55980
sll0661	Q55981
sll0659	Q55984
sll0658	Q55985
slr0765	Q55987
sll0744	Q55989
sll0743	Q55990
sll0742	Q55991
sll0740	Q55992
sll0738	Q55994
slr0014	Q57208
slr0230	Q57248
slr0704	Q57248
slr0915	Q57253
slr0351	Q57456
sll0318	Q57473
sll0012	Q57495
sll0677	Q57495
sll1860	Q57495
slr0350	Q57495
slr0703	Q57495
slr0042	Q59991
slr0797	Q59997
sll0672	Q59999
slr6110	Q6YRP4
sll6109	Q6YRP5
slr6108	Q6YRP6
slr6107	Q6YRP7
slr6106	Q6YRP8
sll5131	Q6YRP9
slr6105	Q6YRP9
slr6104	Q6YRQ0
slr6103	Q6YRQ1
slr6101	Q6YRQ3
slr6100	Q6YRQ4
ssr6099	Q6YRQ5
sll6098	Q6YRQ6
slr6097	Q6YRQ7
slr6096	Q6YRQ8
slr6095	Q6YRQ9
slr6094	Q6YRR0
sll6093	Q6YRR1
ssl6092	Q6YRR2
slr6091	Q6YRR3
slr6090	Q6YRR4
ssr6089	Q6YRR5
slr6029	Q6YRR6
slr6088	Q6YRR6
slr6028	Q6YRR7
slr6087	Q6YRR7
ssr6027	Q6YRR8
ssr6086	Q6YRR8
ssr6026	Q6YRR9
ssr6085	Q6YRR9
slr6025	Q6YRS0
slr6084	Q6YRS0
ssr6024	Q6YRS1
ssr6083	Q6YRS1
ssl6023	Q6YRS2
ssl6082	Q6YRS2
slr6022	Q6YRS3
slr6081	Q6YRS3
slr6021	Q6YRS4
slr6080	Q6YRS4
ssr6020	Q6YRS5
ssr6079	Q6YRS5
ssr6019	Q6YRS6
ssr6078	Q6YRS6
ssl6018	Q6YRS7
ssl6077	Q6YRS7
sll6017	Q6YRS8
sll6076	Q6YRS8
slr6016	Q6YRS9
slr6075	Q6YRS9
slr6015	Q6YRT0
slr6074	Q6YRT0
slr6014	Q6YRT1
slr6073	Q6YRT1
slr6013	Q6YRT2
slr6072	Q6YRT2
slr6012	Q6YRT3
slr6071	Q6YRT3
slr6011	Q6YRT4
slr6070	Q6YRT4
sll6010	Q6YRT5
sll6069	Q6YRT5
slr6009	Q6YRT6
slr6068	Q6YRT6
slr6008	Q6YRT7
slr6067	Q6YRT7
slr6007	Q6YRT8
slr6066	Q6YRT8
slr6006	Q6YRT9
slr6065	Q6YRT9
slr6005	Q6YRU0
slr6064	Q6YRU0
slr6063	Q6YRU1
ssr6062	Q6YRU2
ssl6061	Q6YRU3
sll6060	Q6YRU4
sll6059	Q6YRU5
slr6058	Q6YRU6
slr6057	Q6YRU7
slr6056	Q6YRU8
sll6055	Q6YRU9
sll6054	Q6YRV0
sll6053	Q6YRV1
sll6052	Q6YRV2
slr6051	Q6YRV3
slr6050	Q6YRV4
slr6049	Q6YRV5
ssr6048	Q6YRV6
slr6047	Q6YRV7
ssr6046	Q6YRV8
slr6045	Q6YRV9
slr6044	Q6YRW0
slr6043	Q6YRW1
slr6041	Q6YRW3
slr6040	Q6YRW4
slr6039	Q6YRW5
slr6038	Q6YRW6
sll6036	Q6YRW8
ssl6035	Q6YRW9
slr6033	Q6YRX1
ssr6032	Q6YRX2
slr6031	Q6YRX3
ssr6030	Q6YRX4
slr6004	Q6YS00
ssr6003	Q6YS01
ssr6002	Q6YS02
sll8048	Q6ZE44
ssr8047	Q6ZE45
sll8042	Q6ZE46
slr8046	Q6ZE46
sll8043	Q6ZE47
slr8045	Q6ZE47
slr8044	Q6ZE48
ssl8041	Q6ZE51
sll8040	Q6ZE52
ssl8039	Q6ZE53
slr8038	Q6ZE54
slr8037	Q6ZE55
slr8036	Q6ZE56
sll8035	Q6ZE57
sll8034	Q6ZE58
sll8033	Q6ZE59
sll8032	Q6ZE60
slr8030	Q6ZE62
slr8029	Q6ZE63
ssl8028	Q6ZE64
sll8027	Q6ZE65
slr8026	Q6ZE66
sll8025	Q6ZE67
ssl8024	Q6ZE68
slr8023	Q6ZE69
slr8022	Q6ZE70
slr8021	Q6ZE71
sll8020	Q6ZE72
sll8019	Q6ZE73
sll8018	Q6ZE74
sll8017	Q6ZE75
slr8016	Q6ZE76
slr8015	Q6ZE77
slr8014	Q6ZE78
ssr8013	Q6ZE79
sll8012	Q6ZE80
sll8011	Q6ZE81
ssl8010	Q6ZE82
sll8009	Q6ZE83
ssl8008	Q6ZE84
sll8007	Q6ZE85
sll8006	Q6ZE86
ssl8005	Q6ZE87
sll8004	Q6ZE88
ssl8003	Q6ZE89
sll8002	Q6ZE90
sll8001	Q6ZE91
sll7106	Q6ZE92
sll7103	Q6ZE95
slr7102	Q6ZE96
slr7101	Q6ZE97
slr7100	Q6ZE98
slr7099	Q6ZE99
slr7098	Q6ZEA0
slr7097	Q6ZEA1
slr7096	Q6ZEA2
slr7095	Q6ZEA3
slr7094	Q6ZEA4
slr7091	Q6ZEA7
sll7090	Q6ZEA8
sll7089	Q6ZEA9
slr7088	Q6ZEB0
sll7087	Q6ZEB1
sll7086	Q6ZEB2
sll7085	Q6ZEB3
ssr7084	Q6ZEB4
slr7083	Q6ZEB5
slr7082	Q6ZEB6
slr7081	Q6ZEB7
slr7080	Q6ZEB8
ssr7079	Q6ZEB9
sll7078	Q6ZEC0
sll7077	Q6ZEC1
slr7076	Q6ZEC2
sll7075	Q6ZEC3
ssl7074	Q6ZEC4
slr7073	Q6ZEC5
sll7070	Q6ZEC8
sll7069	Q6ZEC9
slr7068	Q6ZED0
sll7067	Q6ZED1
sll7066	Q6ZED2
sll7065	Q6ZED3
sll7064	Q6ZED4
sll7063	Q6ZED5
sll7062	Q6ZED6
slr7061	Q6ZED7
slr7060	Q6ZED8
slr7059	Q6ZED9
slr7058	Q6ZEE0
slr7057	Q6ZEE1
sll7056	Q6ZEE2
sll7055	Q6ZEE3
slr7054	Q6ZEE4
ssl7053	Q6ZEE5
slr7052	Q6ZEE6
ssl7051	Q6ZEE7
sll7050	Q6ZEE8
slr7049	Q6ZEE9
ssl7048	Q6ZEF0
sll7047	Q6ZEF1
ssl7046	Q6ZEF2
ssl7045	Q6ZEF3
sll7044	Q6ZEF4
sll7043	Q6ZEF5
ssl7042	Q6ZEF6
slr7041	Q6ZEF7
ssr7040	Q6ZEF8
ssl7039	Q6ZEF9
ssl7038	Q6ZEG0
slr7037	Q6ZEG1
ssr7036	Q6ZEG2
ssr7035	Q6ZEG3
sll7034	Q6ZEG4
sll7033	Q6ZEG5
slr7032	Q6ZEG6
sll7031	Q6ZEG7
sll7030	Q6ZEG8
sll7029	Q6ZEG9
sll7028	Q6ZEH0
sll7027	Q6ZEH1
slr7026	Q6ZEH2
slr7025	Q6ZEH3
slr7024	Q6ZEH4
slr7023	Q6ZEH5
ssl7022	Q6ZEH6
ssl7021	Q6ZEH7
ssl7020	Q6ZEH8
ssl7019	Q6ZEH9
ssr7018	Q6ZEI0
slr7014	Q6ZEI4
slr7013	Q6ZEI5
slr7012	Q6ZEI6
slr7011	Q6ZEI7
slr7010	Q6ZEI8
sll7009	Q6ZEI9
slr7008	Q6ZEJ0
ssl7007	Q6ZEJ1
sll7006	Q6ZEJ2
slr7005	Q6ZEJ3
ssl7004	Q6ZEJ4
sll7002	Q6ZEJ6
sll7001	Q6ZEJ7
sll5132	Q6ZEJ8
sll5130	Q6ZEK0
ssl5129	Q6ZEK1
sll5128	Q6ZEK2
slr5127	Q6ZEK3
slr5126	Q6ZEK4
ssl5125	Q6ZEK5
slr5124	Q6ZEK6
sll5123	Q6ZEK7
sll5122	Q6ZEK8
ssr5121	Q6ZEK9
ssr5120	Q6ZEL0
slr5119	Q6ZEL1
slr5118	Q6ZEL2
ssr5117	Q6ZEL3
slr5116	Q6ZEL4
slr5115	Q6ZEL5
ssl5114	Q6ZEL6
ssl5113	Q6ZEL7
slr5112	Q6ZEL8
slr5111	Q6ZEL9
slr5110	Q6ZEM0
sll5109	Q6ZEM1
ssl5108	Q6ZEM2
ssr5106	Q6ZEM4
slr5105	Q6ZEM5
ssl5103	Q6ZEM7
slr5102	Q6ZEM8
slr5101	Q6ZEM9
ssl5100	Q6ZEN0
ssl5099	Q6ZEN1
ssl5098	Q6ZEN2
sll5097	Q6ZEN3
ssl5096	Q6ZEN4
ssl5095	Q6ZEN5
slr5093	Q6ZEN7
ssr5092	Q6ZEN8
ssl5091	Q6ZEN9
sll5090	Q6ZEP0
sll5089	Q6ZEP1
slr5088	Q6ZEP2
slr5087	Q6ZEP3
sll5086	Q6ZEP4
slr5085	Q6ZEP5
sll5084	Q6ZEP6
sll5083	Q6ZEP7
slr5082	Q6ZEP8
sll5081	Q6ZEP9
sll5080	Q6ZEQ0
sll5079	Q6ZEQ1
slr5078	Q6ZEQ2
slr5077	Q6ZEQ3
sll5076	Q6ZEQ4
sll5075	Q6ZEQ5
ssr5074	Q6ZEQ6
slr5073	Q6ZEQ7
sll5072	Q6ZEQ8
slr5071	Q6ZEQ9
ssl5070	Q6ZER0
sll5069	Q6ZER1
ssl5068	Q6ZER2
sll5067	Q6ZER3
sll5066	Q6ZER4
ssl5065	Q6ZER5
ssl5064	Q6ZER6
sll5063	Q6ZER7
sll5062	Q6ZER8
sll5061	Q6ZER9
sll5059	Q6ZES1
slr5058	Q6ZES2
sll5057	Q6ZES3
slr5056	Q6ZES4
slr5055	Q6ZES5
slr5054	Q6ZES6
slr5053	Q6ZES7
sll5052	Q6ZES8
slr5051	Q6ZES9
sll5050	Q6ZET0
sll5049	Q6ZET1
sll5048	Q6ZET2
sll5047	Q6ZET3
sll5046	Q6ZET4
ssl5045	Q6ZET5
sll5044	Q6ZET6
sll5043	Q6ZET7
sll5042	Q6ZET8
slr5040	Q6ZEU0
ssl5039	Q6ZEU1
slr5038	Q6ZEU2
slr5037	Q6ZEU3
sll5036	Q6ZEU4
sll5035	Q6ZEU5
sll5034	Q6ZEU6
sll5033	Q6ZEU7
sll5032	Q6ZEU8
ssl5031	Q6ZEU9
sll5030	Q6ZEV0
slr5029	Q6ZEV1
sll5028	Q6ZEV2
ssl5027	Q6ZEV3
sll5026	Q6ZEV4
ssl5025	Q6ZEV5
slr5024	Q6ZEV6
slr5023	Q6ZEV7
slr5022	Q6ZEV8
slr5021	Q6ZEV9
ssr5020	Q6ZEW0
ssr5019	Q6ZEW1
slr5018	Q6ZEW2
slr5017	Q6ZEW3
slr5016	Q6ZEW4
ssl5015	Q6ZEW5
sll5014	Q6ZEW6
slr5013	Q6ZEW7
slr5012	Q6ZEW8
ssr5011	Q6ZEW9
slr5010	Q6ZEX0
ssr5009	Q6ZEX1
ssl5008	Q6ZEX2
ssl5007	Q6ZEX3
sll5006	Q6ZEX4
slr5005	Q6ZEX5
sll5004	Q6ZEX6
sll5003	Q6ZEX7
sll5002	Q6ZEX8
ssl5001	Q6ZEX9
slr1588	Q79EE5
sll1441	Q79EF1
sll1900	Q79EF3
sll1598	Q79EF9
sll0614	Q79F24
