sgRNA_target,condition,norm,additive_score,p_fit_adj_WT,num_barcodes,number_muts
H358D,CL_O2,2.210951222861514,NA,2.283451591197548e-4,4,1
F104A,CL_O2,2.1631255595526175,NA,0.00197161797329435,3,1
H358S,CL_O2,2.1073965844075766,NA,6.277391054378929e-7,11,1
H358T,CL_O2,2.0741915920428946,NA,2.527960631040945e-5,7,1
H358I,CL_O2,2.042852672789738,NA,1.5321237326539065e-6,11,1
H358E,CL_O2,2.010240708390043,NA,7.05439497255035e-5,6,1
H358V,CL_O2,1.9958313743864828,NA,8.759608278069588e-5,12,1
K360I,CL_O2,1.9816983162193689,NA,1.7156428940993258e-7,14,1
W128I,CL_O2,1.9782912991373935,NA,1.366360967984267e-4,6,1
H126N,CL_O2,1.9682532721126995,NA,0.02537248306173936,2,1
M328I,CL_O2,1.9648771547142645,NA,6.305606727008766e-6,10,1
H126M,CL_O2,1.9592907587008688,NA,7.05439497255035e-5,7,1
Y333T,CL_O2,1.9498082097883709,NA,9.056317870165991e-6,9,1
H358Q,CL_O2,1.9463066694656923,NA,3.497214755498678e-5,14,1
W128M,CL_O2,1.9380276680288329,NA,0.00100395996139489,4,1
M328Y,CL_O2,1.928445577981707,NA,2.283451591197548e-4,5,1
M328V,CL_O2,1.9168273913790548,NA,4.241670955120985e-6,10,1
W128K,CL_O2,1.9166744262321216,NA,0.01306210637237683,2,1
H126N,LD,1.9150875482567529,NA,0.00702105107863506,2,1
Y322H,CL_O2,1.913852312466203,NA,2.283451591197548e-4,5,1
H358C,CL_O2,1.90606965627704,NA,1.5321237326539065e-6,12,1
Y322G,CL_O2,1.8956963789091503,NA,8.194918366508135e-5,6,1
Y322M,CL_O2,1.8883205044390885,NA,5.144282817993453e-4,11,1
Q142D,CL_O2,1.8865443289391224,NA,0.00100395996139489,4,1
H358L,CL_O2,1.8838847999062447,NA,1.7456721648325958e-6,12,1
M328F,CL_O2,1.8838802525877716,NA,2.283451591197548e-4,5,1
H358K,CL_O2,1.867821857761972,NA,2.1171563058948616e-4,6,1
V270L,CL_O2,1.8670964865975292,NA,7.05439497255035e-5,7,1
Y322A,CL_O2,1.84988946999346,NA,3.865213370933424e-4,5,1
H358R,CL_O2,1.8472299014434128,NA,1.6237945227398554e-6,13,1
D329T,CL_O2,1.8222080776817176,NA,2.527960631040945e-5,15,1
K233C,CL_O2,1.8120560907851335,NA,6.054594501185985e-4,5,1
H126M,LD,1.7983288876017154,NA,1.2097296955950848e-4,7,1
Y333V,CL_O2,1.7748793513511991,NA,5.626718786779623e-6,11,1
H141S,CL_O2,1.7613910415380087,NA,0.00657237572356699,3,1
Q142T,CL_O2,1.760825461113089,NA,0.00140615608606625,4,1
H358W,CL_O2,1.75993804154852,NA,0.00657237572356699,3,1
M326T,CL_O2,1.7556797991022657,NA,0.02537248306173936,2,1
K360M,CL_O2,1.754260845382836,NA,4.318160909016861e-5,8,1
Y322S,CL_O2,1.7454346751811043,NA,0.00657237572356699,3,1
K360T,CL_O2,1.736986409356977,NA,0.02537248306173936,2,1
K323R,CL_O2,1.7349582760347202,NA,7.05439497255035e-5,7,1
K360V,CL_O2,1.7032004723597318,NA,0.02915766184465152,9,1
K99P,CL_O2,1.7028699051814404,NA,0.02537248306173936,2,1
K360C,CL_O2,1.6970223556836057,NA,2.283451591197548e-4,6,1
M326G,CL_O2,1.687273522275162,NA,0.00657237572356699,3,1
K99E,CL_O2,1.6813498353551637,NA,2.402862094483411e-5,11,1
M328L,CL_O2,1.6809846550301817,NA,2.1171563058948616e-4,6,1
M345I,CL_O2,1.6741746443268002,NA,5.8944500658781045e-5,11,1
W128G,CL_O2,1.6729192991661053,NA,0.00100395996139489,5,1
Q142V,CL_O2,1.669710422513368,NA,0.00100395996139489,5,1
W128A,CL_O2,1.667344744691556,NA,0.04910947729810053,7,1
K233I,CL_O2,1.6666242563651297,NA,0.00140615608606625,4,1
K360L,CL_O2,1.6650525233925906,NA,0.02537248306173936,2,1
H358A,CL_O2,1.665006342973091,NA,0.00130829246837762,9,1
W128Q,CL_O2,1.6622936034699414,NA,0.02537248306173936,2,1
K360D,CL_O2,1.6599768771266956,NA,0.00412473666052634,5,1
W128L,CL_O2,1.6457688826266808,NA,0.03763209617846637,3,1
M231F,CL_O2,1.6376217970932094,NA,2.527960631040945e-5,9,1
H358M,CL_O2,1.624008892658206,NA,0.02537248306173936,2,1
Y322R,CL_O2,1.6215748479890093,NA,2.8235824501566896e-4,8,1
H126Q,CL_O2,1.616590814638669,NA,0.00140615608606625,4,1
V270M,CL_O2,1.6128421637572317,NA,6.210548426999429e-5,8,1
K233F,CL_O2,1.599806507576365,NA,9.081132065983166e-4,5,1
K27L,CL_O2,1.5940138739854148,NA,0.00387321069437786,3,1
V98Q,CL_O2,1.5861105727813212,NA,0.00657237572356699,3,1
K99C,CL_O2,1.5823788202920297,NA,0.02537248306173936,2,1
D329E,CL_O2,1.5799221113887965,NA,0.0095147012293877,7,1
Q142E,CL_O2,1.5789132692364174,NA,0.00657237572356699,3,1
H126G,LD,1.5786435785637458,NA,4.808540293292469e-6,8,1
K99N,LD,1.5780889434260037,NA,0.00155476346951618,4,1
S129G,CL_O2,1.570288369291678,NA,0.00176390953576537,6,1
Q142I,CL_O2,1.5684439232507483,NA,0.02537248306173936,2,1
H141N,CL_O2,1.566336247535422,NA,0.00657237572356699,3,1
F104A,LD,1.560046159618926,NA,0.01007638181613383,3,1
M345Q,CL_O2,1.5531158587163052,NA,7.873327690364175e-6,12,1
K99N,CL_O2,1.5523843869272007,NA,0.00860181310711208,4,1
K360M,LD,1.5482343153120637,NA,1.8615638516903863e-4,8,1
Q142W,CL_O2,1.543522789985802,NA,0.02537248306173936,2,1
V98D,CL_O2,1.5423492942398316,NA,0.0109025264161523,4,1
H358M,LD,1.5369417626361956,NA,0.00702105107863506,2,1
M326V,CL_O2,1.536515004704292,NA,0.02537248306173936,2,1
K99G,CL_O2,1.5332616135015942,NA,6.608881137743899e-4,6,1
L132M,CL_O2,1.5328022914550403,NA,0.02537248306173936,2,1
K360L,LD,1.5327128836283708,NA,0.00702105107863506,2,1
K99F,CL_O2,1.530706385185266,NA,2.283451591197548e-4,6,1
V270Y,CL_O2,1.5151486281553987,NA,0.02537248306173936,2,1
H141C,CL_O2,1.4993677677921815,NA,0.00657237572356699,3,1
F104V,CL_O2,1.4935034199285813,NA,6.054594501185985e-4,5,1
Q142Y,CL_O2,1.4931529246968658,NA,0.02537248306173936,2,1
M231L,CL_O2,1.4927827315286186,NA,0.03717729535689707,2,1
Y322F,CL_O2,1.4923218088446732,NA,0.00657237572356699,3,1
H126F,LD,1.491658398890008,NA,8.573944803452186e-5,7,1
K99W,CL_O2,1.4906927521625717,NA,1.40808326885177e-4,7,1
V98E,CL_O2,1.4882214178526016,NA,0.0109025264161523,4,1
H141I,CL_O2,1.4876231021387076,NA,0.03820378506181919,5,1
N123P,CL_O2,1.4864901471545289,NA,5.144282817993453e-4,11,1
K233H,CL_O2,1.4855082535509478,NA,0.03763209617846637,3,1
K233W,CL_O2,1.4854842642997812,NA,0.00139367887177573,5,1
F104C,CL_O2,1.4759423899563906,NA,0.02537248306173936,2,1
K360N,CL_O2,1.4723614477045284,NA,0.00434792817703164,8,1
M231W,CL_O2,1.4697636230555091,NA,0.03449518974104751,4,1
K43R,CL_O2,1.4660384273475748,NA,0.02537248306173936,2,1
K233A,CL_O2,1.463631028673757,NA,0.02537248306173936,2,1
L132M,LD,1.463602278994819,NA,0.00702105107863506,2,1
H358N,CL_O2,1.4609686551441932,NA,0.01244549750376302,7,1
K99L,CL_O2,1.4555774403197117,NA,0.00108908666858039,6,1
K233C,LD,1.454963998687131,NA,0.00351933652751076,5,1
H358S,CL_N2,1.4463100134766418,NA,1.390914172040643e-6,11,1
Y333I,CL_O2,1.443913042935454,NA,2.283451591197548e-4,11,1
W128K,CL_N2,1.431528626021971,NA,0.00685023347470333,2,1
W128I,CL_N2,1.4238881698764374,NA,2.142602896109944e-4,6,1
K233T,CL_O2,1.4230421187258318,NA,0.0065579976053189,5,1
Q142D,LD,1.4057575637413289,NA,0.00112259316951146,4,1
K360I,CL_N2,1.399793856818866,NA,4.5821597803354217e-8,14,1
M326V,LD,1.3953999329043143,NA,0.00702105107863506,2,1
A295I,CL_O2,1.39351183212147,NA,0.03152006756051927,6,1
W128I,LD,1.3891374180991616,NA,0.01478056605826822,6,1
K233Y,CL_O2,1.386447567855666,NA,0.00959937807099955,3,1
K99S,LD,1.3817209928173593,NA,0.01742351247161922,4,1
K360I,LD,1.377445046084636,NA,8.573944803452186e-5,14,1
Q142E,LD,1.3741191803512245,NA,0.0068334318664716,3,1
K233L,CL_O2,1.3722029461219238,NA,0.01874690507765176,6,1
K276R,LD,1.3709506314378028,NA,0.01422198063145676,3,1
H126S,CL_O2,1.3648136034111855,NA,0.00198738344190432,8,1
Y333W,CL_O2,1.3643725058547485,NA,8.234839656204272e-5,10,1
H358D,CL_N2,1.3587986314056608,NA,4.479391883999087e-4,4,1
K233I,CL_N2,1.3572435973428545,NA,0.0030959867433696,4,1
H358E,CL_N2,1.356045271727805,NA,1.3865534946047242e-4,6,1
K467E,CL_O2,1.355295669921095,NA,0.00772123743068705,6,1
F104M,CL_O2,1.3552937479084757,NA,0.00959937807099955,3,1
H126G,CL_O2,1.3542257954771266,NA,0.00670247635973442,8,1
Q142Y,LD,1.352526120043349,NA,0.03779104576378538,2,1
K233H,CL_N2,1.3511958162990263,NA,0.00196418538480492,3,1
K99T,CL_O2,1.3474810489814182,NA,0.00412473666052634,5,1
H358I,CL_N2,1.34512674057267,NA,2.681402139122125e-7,11,1
K99V,CL_O2,1.344137400728035,NA,0.0071834889899043,7,1
N123P,LD,1.3437862953631758,NA,0.04495437593500879,11,1
K99Q,CL_O2,1.342968765791016,NA,0.00772123743068705,6,1
F104C,CL_N2,1.341838071381623,NA,0.00685023347470333,2,1
V270L,CL_N2,1.3404914666805687,NA,2.030554942766981e-4,7,1
F104I,LD,1.3381838919817757,NA,0.0061108386839505,4,1
Y322L,CL_O2,1.3376605832363613,NA,0.01860733473074088,5,1
H126C,LD,1.3340287453893225,NA,0.02657717296629326,8,1
M345I,CL_N2,1.3337395383800892,NA,2.6482426288082163e-5,11,1
M328Y,CL_N2,1.3317847461586243,NA,2.3754818482316897e-4,5,1
M345E,CL_O2,1.326783732198864,NA,0.01045828676512112,11,1
D268F,CL_O2,1.3257642317055518,NA,0.02537248306173936,2,1
H126A,LD,1.32423842280054,NA,0.00902042960675449,11,1
H358V,CL_N2,1.3234927410496633,NA,3.88107703197493e-6,12,1
F104V,LD,1.320479851678339,NA,0.00990080743939506,5,1
H126A,CL_O2,1.3203725934309865,NA,0.01045828676512112,11,1
K43W,CL_O2,1.3198102251352382,NA,0.01356310517061312,3,1
H126Y,LD,1.3194713724065856,NA,0.00442276632246127,4,1
K233E,CL_O2,1.3186228499464143,NA,0.03763209617846637,3,1
K43M,CL_O2,1.3179844087693209,NA,0.00672433856544771,4,1
H358L,CL_N2,1.3135730987044008,NA,7.796803791210116e-5,12,1
K233V,CL_O2,1.312718657240117,NA,0.00188313502739714,5,1
M328I,CL_N2,1.3077084808919526,NA,2.660030873032248e-4,10,1
K99I,CL_O2,1.305738333718188,NA,0.00670247635973442,7,1
K360D,CL_N2,1.3048648680393278,NA,0.00142389446072411,5,1
H141G,CL_O2,1.3035633808990024,NA,0.03241799596826261,8,1
K360M,CL_N2,1.3015324661376229,NA,7.491606524081037e-5,8,1
M345Q,LD,1.3006486411023956,NA,8.942698420726255e-4,12,1
M328V,CL_N2,1.2993028260527617,NA,4.9567107316561326e-5,10,1
H358C,LD,1.299025362003996,NA,0.001884189975754,12,1
Y322H,CL_N2,1.2985581758937732,NA,0.00103129678923491,5,1
V98D,CL_N2,1.2963712466754809,NA,8.715353940494905e-4,4,1
H358T,CL_N2,1.295134593773218,NA,1.0529888235481136e-4,7,1
M328F,CL_N2,1.2941358475327362,NA,9.003858014365912e-4,5,1
M326T,CL_N2,1.293430495074792,NA,0.01312392073695199,2,1
K360C,CL_N2,1.2926441064598733,NA,6.632373686625845e-4,6,1
Q142T,CL_N2,1.2900544988485614,NA,0.00424198955250231,4,1
H358Q,CL_N2,1.2889740986285296,NA,0.00156570025057971,14,1
K467E,LD,1.2885758359838766,NA,0.00510742718060704,6,1
Q142D,CL_N2,1.2872461439520635,NA,0.00687226332053177,4,1
H358C,CL_N2,1.2861552426578866,NA,2.1301678806700337e-4,12,1
H358A,CL_N2,1.2847719644815632,NA,2.367301636040704e-4,9,1
V270C,CL_O2,1.281169399943981,NA,0.01226920242834923,6,1
W128V,CL_O2,1.280524151358053,NA,0.02923062169005782,5,1
K233L,LD,1.2785326188708976,NA,0.00702105107863506,6,1
Y322A,CL_N2,1.276744919511425,NA,0.00102493796723275,5,1
K99T,LD,1.2762827718874503,NA,0.03868920657909352,5,1
D329T,CL_N2,1.275003188084051,NA,1.3865534946047242e-4,15,1
V98Y,CL_O2,1.2742045371527335,NA,0.02386084487874983,3,1
M345C,LD,1.27394789038038,NA,0.03056832356922341,3,1
H126F,CL_O2,1.2727701527140327,NA,0.03985546329949561,7,1
K360T,CL_N2,1.2713065249825175,NA,0.0252075737010781,2,1
H358R,CL_N2,1.2651278195037257,NA,7.491606524081037e-5,13,1
H358L,LD,1.264857450298213,NA,0.01459626139620052,12,1
H358K,CL_N2,1.260428464863109,NA,0.01643652641928553,6,1
M328H,CL_O2,1.2587893380560404,NA,0.01341772692290229,5,1
K360C,LD,1.2587843590737244,NA,0.01478056605826822,6,1
K99W,LD,1.256214274797437,NA,0.00750652609569725,7,1
M340W,CL_O2,1.2518535077712318,NA,0.00347001783072326,14,1
Y333T,CL_N2,1.251134903587198,NA,0.0018122190893399,9,1
K99F,CL_N2,1.2502159816330007,NA,2.483467133512827e-4,6,1
Y333V,LD,1.249385254790528,NA,0.00421140108638376,11,1
M326G,LD,1.2492629845697634,NA,0.04696992464492574,3,1
H126Q,CL_N2,1.244033287698801,NA,0.00207226090980799,4,1
D268E,CL_O2,1.2429913611334993,NA,0.03763209617846637,3,1
K99Y,CL_O2,1.2421038472694088,NA,0.01815831190893647,3,1
V156M,CL_O2,1.236102420771684,NA,0.01352640026541448,4,1
V98Q,LD,1.2334988348139144,NA,0.03056832356922341,3,1
Y322G,CL_N2,1.2321741608405796,NA,0.00102493796723275,6,1
H126N,CL_N2,1.231473866927136,NA,0.0252075737010781,2,1
H126M,CL_N2,1.2299685159092353,NA,0.00848590155344777,7,1
K99E,CL_N2,1.2293139619573172,NA,2.7991288434467756e-4,11,1
K360L,CL_N2,1.2291533350414228,NA,0.0252075737010781,2,1
K233Y,CL_N2,1.2268086453711848,NA,0.00380717397717243,3,1
H141T,CL_N2,1.2212559135711072,NA,0.0252075737010781,2,1
H126S,LD,1.2172875764083444,NA,0.00702105107863506,8,1
V270M,CL_N2,1.2167069834318402,NA,0.00655737928069837,8,1
K233C,CL_N2,1.2152550132061828,NA,0.00647558680892533,5,1
Y333Q,CL_O2,1.215153430457255,NA,0.01973432328588427,9,1
F104V,CL_N2,1.2150461663523175,NA,9.003858014365912e-4,5,1
Y333V,CL_N2,1.213621843911722,NA,0.00288362658181284,11,1
V98E,CL_N2,1.212781061476864,NA,0.00424198955250231,4,1
K261G,CL_N2,1.210632422088288,NA,0.0252075737010781,2,1
K99Q,CL_N2,1.210349025839924,NA,0.01265434589565384,6,1
V98Q,CL_N2,1.2047916697017376,NA,0.00685023347470333,3,1
V98H,CL_O2,1.2047485156740294,NA,0.02457578605361294,6,1
M345V,LD,1.2046332919652036,NA,0.02601417635713784,7,1
Q142H,CL_N2,1.2001505896590348,NA,0.00882002939015282,4,1
K99N,CL_N2,1.1999511555574305,NA,0.02040960143062849,4,1
H141C,CL_N2,1.1981840710804053,NA,0.00685023347470333,3,1
M345Q,CL_N2,1.1970798826445717,NA,4.407160875369991e-4,12,1
S129T,CL_O2,1.1938497963301034,NA,0.01341772692290229,5,1
W128A,CL_N2,1.1922820448419422,NA,0.02888202317040936,7,1
H358W,CL_N2,1.1902082339176865,NA,0.00989042169825106,3,1
K233W,CL_N2,1.1895944036024575,NA,0.01873357173705526,5,1
V98P,CL_O2,1.1877723837390737,NA,0.00783754885514079,5,1
V156M,CL_N2,1.1859797929669045,NA,0.00424198955250231,4,1
S446T,CL_O2,1.1839689848594164,NA,0.01583553372414223,5,1
H141I,CL_N2,1.183056469871776,NA,0.00103129678923491,5,1
K233V,CL_N2,1.1803922113563303,NA,0.04377382293164225,5,1
K99L,CL_N2,1.1783267360367762,NA,0.00102493796723275,6,1
K99I,CL_N2,1.1753340720885554,NA,0.00310528520185375,7,1
M231F,CL_N2,1.1744330226641249,NA,0.00962105043344109,9,1
K99T,CL_N2,1.1704221820380825,NA,0.01594358512938657,5,1
M345V,CL_O2,1.1683272670682017,NA,0.04910947729810053,7,1
H126G,CL_N2,1.1677323338692107,NA,2.3754818482316897e-4,8,1
Y259C,CL_N2,1.1577268255178197,NA,0.0301925139641399,3,1
V156I,CL_N2,1.1575290834646623,NA,0.00687226332053177,4,1
Y322R,CL_N2,1.1558271020459323,NA,0.00759932335373403,8,1
F104M,CL_N2,1.153722694014194,NA,0.01829543166257826,3,1
M345V,CL_N2,1.1449919468824008,NA,0.04437616942267693,7,1
V337L,CL_N2,1.1435414184182715,NA,0.01873357173705526,5,1
K467D,CL_N2,1.14051550230246,NA,0.00687226332053177,4,1
V270C,CL_N2,1.139272752327426,NA,0.01419882475238809,6,1
K233L,CL_N2,1.1388365150324606,NA,0.00685023347470333,6,1
A295N,CL_N2,1.1347471237370572,NA,0.02402063264555405,3,1
S444G,CL_N2,1.1307520324753852,NA,0.01594358512938657,5,1
V229S,CL_N2,1.1232993354375111,NA,0.04696921315174028,4,1
Q406E,CL_N2,1.1207628926955957,NA,0.01348801610371091,5,1
Q142E,CL_N2,1.117724453302544,NA,0.04628181882345326,3,1
K360S,CL_N2,1.1156631002494364,NA,0.00687226332053177,4,1
H141N,CL_N2,1.1105786252322765,NA,0.03765193957322037,3,1
K323R,CL_N2,1.099094225285251,NA,0.02065789612114656,7,1
N123S,CL_N2,1.098591056931133,NA,0.02905133636985399,5,1
H358N,CL_N2,1.0702910283330411,NA,0.03227730303880528,7,1
