sgRNA_target,num_barcodes,number_muts,norm_CL_N2,norm_CL_O2,norm_LD,p_fit_adj_WT_CL_N2,p_fit_adj_WT_CL_O2,p_fit_adj_WT_LD,combined_norms
H126N,2,1,1.231473866927136,1.9682532721126995,1.9150875482567529,0.0252075737010781,0.02537248306173936,0.00702105107863506,4.641889680470885
H126M,7,1,1.2299685159092353,1.9592907587008688,1.7983288876017154,0.00848590155344777,7.05439497255035e-5,1.2097296955950848e-4,4.333731547223419
W128I,6,1,1.4238881698764374,1.9782912991373935,1.3891374180991616,2.142602896109944e-4,1.366360967984267e-4,0.01478056605826822,3.9130133753374308
K360I,14,1,1.399793856818866,1.9816983162193689,1.377445046084636,4.5821597803354217e-8,1.7156428940993258e-7,8.573944803452186e-5,3.8209900348872607
K360M,8,1,1.3015324661376229,1.754260845382836,1.5482343153120637,7.491606524081037e-5,4.318160909016861e-5,1.8615638516903863e-4,3.534971078989134
Q142D,4,1,1.2872461439520635,1.8865443289391224,1.4057575637413289,0.00687226332053177,0.00100395996139489,0.00112259316951146,3.413807615843129
K233C,5,1,1.2152550132061828,1.8120560907851335,1.454963998687131,0.00647558680892533,6.054594501185985e-4,0.00351933652751076,3.203991132761933
H358C,12,1,1.2861552426578866,1.90606965627704,1.299025362003996,2.1301678806700337e-4,1.5321237326539065e-6,0.001884189975754,3.1845625991884527
K360L,2,1,1.2291533350414228,1.6650525233925906,1.5327128836283708,0.0252075737010781,0.02537248306173936,0.00702105107863506,3.1368576399093864
H358L,12,1,1.3135730987044008,1.8838847999062447,1.264857450298213,7.796803791210116e-5,1.7456721648325958e-6,0.01459626139620052,3.1300420422827004
K99N,4,1,1.1999511555574305,1.5523843869272007,1.5780889434260037,0.02040960143062849,0.00860181310711208,0.00155476346951618,2.9396411052018463
K360C,6,1,1.2926441064598733,1.6970223556836057,1.2587843590737244,6.632373686625845e-4,2.283451591197548e-4,0.01478056605826822,2.7613272069319286
Y333V,11,1,1.213621843911722,1.7748793513511991,1.249385254790528,0.00288362658181284,5.626718786779623e-6,0.00421140108638376,2.691216257815713
H126G,8,1,1.1677323338692107,1.3542257954771266,1.5786435785637458,2.3754818482316897e-4,0.00670247635973442,4.808540293292469e-6,2.4964247244333544
"M154E,K261A,Q406D,S446T",2,4,1.2652366210393646,1.462905247558834,1.3339356560822015,0.01312392073695199,0.02537248306173936,0.03779104576378538,2.469009908430189
Q142E,3,1,1.117724453302544,1.5789132692364174,1.3741191803512245,0.04628181882345326,0.00657237572356699,0.0068334318664716,2.4250317479883075
M345Q,12,1,1.1970798826445717,1.5531158587163052,1.3006486411023956,4.407160875369991e-4,7.873327690364175e-6,8.942698420726255e-4,2.418170830821103
F104V,5,1,1.2150461663523175,1.4935034199285813,1.320479851678339,9.003858014365912e-4,6.054594501185985e-4,0.00990080743939506,2.3962425734947663
V98Q,3,1,1.2047916697017376,1.5861105727813212,1.2334988348139144,0.00685023347470333,0.00657237572356699,0.03056832356922341,2.357133388761008
"K261A,H265A,Q406D,S446I",2,4,1.218130715837808,1.4327568513530466,1.3426131678118154,0.03714338586566856,0.02537248306173936,0.02551429888930905,2.343242795728121
K99T,5,1,1.1704221820380825,1.3474810489814182,1.2762827718874503,0.01594358512938657,0.00412473666052634,0.03868920657909352,2.012853267137007
K233L,6,1,1.1388365150324606,1.3722029461219238,1.2785326188708976,0.00685023347470333,0.01874690507765176,0.00702105107863506,1.9979818727422023
M345V,7,1,1.1449919468824008,1.1683272670682017,1.2046332919652036,0.04437616942267693,0.04910947729810053,0.02601417635713784,1.6114684464797355
