"","sgRNA_target","num_barcodes","number_muts","norm_CL_N2","norm_CL_O2","norm_LD","p_fit_adj_WT_CL_N2","p_fit_adj_WT_CL_O2","p_fit_adj_WT_LD","norm_multiply"
"1","H141L",5,1,0.94020713494504,1.13349839466397,0.782845366007405,0.696911258957035,0.309914394222074,0.0848931421821451,0.834296529716051
"2","H141V",3,1,1.01686046997536,1.18873709886882,0.963921626778355,0.816632639821802,0.0672931947784492,0.938688362904522,1.16516895752726
"3","H265A",8,1,0.868341736186486,0.780459245432386,0.907161057430682,0.00982978945302175,0.00100395996139489,0.281346316371,0.614787889415016
"4","H265E",7,1,0.800323976755303,0.695578051955402,0.762515397886191,0.00102493796723275,9.05631787016599e-06,0.0214987874150874,0.424483013737325
"5","H265K",7,1,0.736922198447445,0.549059406461806,0.684718956558254,0.00102493796723275,1.70442635361697e-05,0.013054555098541,0.277046920318962
"6","H265R",2,1,0.732098377244334,0.346520223939922,0.254779578011592,0.013123920736952,0.00670247635973442,0.00702105107863506,0.064634239705807
"7","K261A",8,1,0.951877461363427,1.04212054079815,0.917286596861565,0.943367900759846,0.48546577915167,0.738566081973462,0.909921753051495
"8","K261D",8,1,0.992020411918314,0.939842975771202,0.757559190797226,0.405095056854341,0.691508317869218,0.189296142242547,0.706305323742114
"9","K261E",6,1,0.894913842943242,0.921824926785469,0.787863543375876,0.0768899104413911,0.247480979812592,0.0359537851084297,0.64995109312478
"10","K261F",6,1,0.836667125688604,0.730923327809622,0.729582796588625,0.00272534420155262,0.00100395996139489,0.00806789330062107,0.446168713063533
"11","M154D",4,1,0.796866278253944,0.638715806535255,0.623943372391629,0.00102493796723275,0.000448886822158932,0.00155476346951618,0.317569136856784
"12","M154E",3,1,0.875314717058801,1.06195078301805,0.750869564312723,0.0136613736024618,0.98178914209276,0.176341581656794,0.697964157686386
"13","M154K",8,1,0.94116241652233,0.812569713503689,0.699900584992534,0.367155861833909,0.00670247635973442,0.0250038148187471,0.535256023979211
"14","M154S",3,1,0.845900697701891,0.688998326634023,0.64400755010878,0.00652222884155599,0.0135631051706131,0.350813083991735,0.375343162784407
"15","Q406D",1,1,1.01359871103169,0.94624496210837,0.961308541500593,0.863690565222449,0.860476523596445,0.855863886201288,0.922003205694305
"16","Q406E",5,1,1.1207628926956,1.07647553308997,0.826614795492167,0.0134880161037109,0.541670467322039,0.199076289954714,0.997289120221051
"17","S446A",6,1,1.02086083925577,0.936719946157742,0.916293180417553,0.93280781884388,0.611607136215607,0.529121558595971,0.876215167624466
"18","S446I",9,1,0.938677100932312,0.869046016316112,0.840557011878388,0.0453950538878561,0.00836876560292796,0.243983416677325,0.68568740438715
"19","S446T",5,1,1.03416258380223,1.18396898485942,1.08545146903424,0.405766764645477,0.0158355337241422,0.456968776334692,1.32904460670914
"20","V337A",5,1,0.324300277683557,0.139079284768197,0.249134770930196,7.49160652408104e-05,7.05439497255035e-05,0.000269375929899086,0.0112368378509207
"21","V337S",6,1,0.414969394865061,0.280871842621793,0.352474768792253,2.64824262880822e-05,0.00496789372822029,0.000408007251062357,0.0410820687665373
