sgRNA_target,baseAA,CL_N2,CL_O2,LD
A164C,A164,0.6014695594514341,0.09545771593470707,0.34045179007082826
A164D,A164,0.057618086531126,-0.4053810069249178,-0.02848817700403819
A164E,A164,-0.05788233247493769,0.0936290725177676,-0.11052734393997496
A164F,A164,0.5277141442929997,0.3346084845313653,0.47418958836334074
A164H,A164,0.2088350446717812,0.4255795890113351,0.4687393228865599
A164I,A164,0.49893072408228745,0.1609473491948621,0.3251873066733092
A164L,A164,0.21879653338770427,0.00905946636487961,0.1578676840242416
A164M,A164,0.255186115831725,0.27010620119893336,0.42826115419859345
A164P,A164,0.05651017653259714,0.2049200031892033,-0.03302815193208221
A164Q,A164,0.35454478751217955,0.12012838819949652,0.35958714683814486
A164R,A164,0.2481469609254695,0.3169814980681721,0.2124487206194346
A164S,A164,0.9246073511407976,0.6842585607583299,0.8406584451208251
A164T,A164,0.6909237471291388,0.48890112068664016,0.5133098915842936
A164V,A164,0.6466783000186741,0.4676247164686948,0.6514261970695654
A164W,A164,0.547984761050099,0.3202090909442451,0.3043668821686537
A164Y,A164,0.5777763914414515,0.2607709303608904,0.1979136749144133
A244C,A244,1.1230511879944556,0.9340630938137632,0.59599646182353
A244D,A244,0.9264493731034062,0.8024343292440959,1.9428647674265775
A244E,A244,0.8007483742047575,0.9464844099061896,0.7194659066032355
A244F,A244,0.9807903648533364,0.9267513198197052,0.955250044296195
A244H,A244,0.8829273237951352,0.6874193531709277,0.5164427518534306
A244R,A244,0.684841546202099,0.7476896268464013,1.0470619746368552
A244S,A244,0.7194694835032354,0.7656810104963263,0.856960203571471
A244T,A244,0.8571477774551303,0.24549966932542033,0.6453142091785968
A244V,A244,0.9064263473166224,1.0102263547276082,0.6414390264263587
A244Y,A244,0.9327832775797588,0.4479354537401292,0.4636624934391136
A275D,A275,0.9914781950337974,0.8892306804045894,0.9753907245761876
A275E,A275,0.8601796734586515,0.5897253478290865,1.2690465280824412
A275H,A275,0.7646960393049064,0.7099999178059753,0.7846808323558494
A275K,A275,0.48056508162075473,0.28607511394622764,0.0880628689183855
A275M,A275,0.6746200957795788,0.7283016543721769,0.5515023612367418
A275N,A275,0.79700740595865,0.23936313654056984,1.2273004510113263
A275R,A275,0.7669304219861739,0.7715169699755288,0.6172726467393631
A275V,A275,0.14516405289914708,0.02804406984283432,0.00503832577318285
A295C,A295,1.0583212193805682,1.3900063744069964,1.252324045936988
A295D,A295,0.07550730963575783,0.04502372796631059,0.03489612901997138
A295F,A295,0.603033067781994,0.5768779293108165,0.6563070587813526
A295G,A295,0.9020583485203189,0.9287588037410348,1.0975504741685074
A295H,A295,0.5795365334021827,0.7456728668435314,0.7398533716310501
A295I,A295,1.1425675369073356,1.39351183212147,0.8895483013403472
A295K,A295,0.5619567796512013,0.19538810486799357,0.22917121751054292
A295L,A295,0.98785919072782,0.985582736925798,1.0823956826444143
A295M,A295,0.83840057320771,0.4983374443864435,0.618279623075395
A295N,A295,1.1347471237370572,1.123104970509924,1.0535405755631857
A295P,A295,1.0652988781359944,1.028824563873505,0.9762744268967442
A295Q,A295,0.8583291513427106,0.757412469746647,0.7541046137076892
A295S,A295,1.0454317687994228,1.1471807382931742,0.9927958026292348
A295T,A295,0.8034435141665873,0.8068760410124577,0.6755492569899334
A295V,A295,1.0445989600308252,0.6280553970971805,0.5720029840338763
A295W,A295,0.4634695837085898,0.411413507776491,0.12263869559457533
A295Y,A295,0.6793314400360453,0.5366520980978633,0.8162572827107947
A429C,A429,0.4782885415600938,1.1271564774934355,0.7044152613330487
A429D,A429,0.325618917190633,0.4914686122513912,0.2989252972045676
A429E,A429,0.6909569973519923,0.441449198938157,0.403034335480184
A429F,A429,0.33572634203290325,0.08758012026264415,-0.14462863996024342
A429H,A429,0.41576268761244334,0.17638596577271917,0.22373992419078423
A429I,A429,0.44643362617793625,-0.15452542096744312,0.19509840523815616
A429K,A429,0.6483102852827279,0.34701248916127925,0.30781160736145236
A429L,A429,0.30024784128012527,-0.02969560593243724,0.2166250951050192
A429N,A429,0.03031285292686469,-0.18398622071686657,0.11337602466515952
A429P,A429,0.6067543917451441,0.5340248672643944,0.2555699157114697
A429Q,A429,0.738590764266695,0.02952618694539474,0.17581078850198448
A429R,A429,0.6557690806703578,0.4487931582803155,0.4807842248914904
A429S,A429,0.9057511826017616,0.5399918782655961,0.5893708291659816
A429V,A429,0.5245453948842724,0.22430416930543928,0.15601132639162069
A429W,A429,0.4837698011520128,0.134839581085458,0.08711057803556681
A429Y,A429,-0.00556479468936236,-0.0919506394252454,0.18509111426826552
C417A,C417,0.9451214854191868,0.8589752441279223,0.9284729479543335
C417D,C417,-0.03121189427149566,-0.15913277507716447,0.20196560093114663
C417F,C417,0.0893500282995784,-0.08723627715415716,-0.1672641377335022
C417G,C417,0.4542867746012554,0.28902541127332015,0.21512189711544943
C417H,C417,0.11070132714274146,-0.06668103301687217,0.08902629722630402
C417I,C417,0.25968660539637534,0.16733038331915015,0.02660303740217484
C417K,C417,0.09946298089699328,0.1265865676891715,0.0339663122355273
C417L,C417,0.02352799816503997,0.1829928745383005,0.01984631120833561
C417M,C417,0.05833142519057698,0.11427942036175875,0.09522196339967896
C417N,C417,0.555091505928489,0.5778948913664842,0.5361483094976643
C417P,C417,0.01065482033138084,-0.18877666579071337,0.07486895290227771
C417Q,C417,0.07078408380110282,0.1403549489498626,0.2141192638710061
C417R,C417,-0.21253652273164855,0.1356920123267343,-0.40671978209701665
C417S,C417,1.2199691666482295,0.9668472539402256,0.5904329438341541
C417T,C417,0.6117242099246146,0.17981694157623898,0.17811218188523348
C417V,C417,0.8160782394540512,0.6064504615015639,0.6106828742014829
C417W,C417,0.20195716191607643,0.04653021948940846,-0.08188509004871133
C417Y,C417,-0.00908129937062054,-0.13508201166739336,0.02585668135625165
D268A,D268,0.7464094685653097,0.735680475269958,0.8096638122618567
D268C,D268,0.9450177103076792,0.8950447646827167,0.923362712067131
D268E,D268,1.043516509912818,1.2429913611334993,1.0790925395948117
D268F,D268,0.9332200031397432,1.3257642317055518,0.9816995449114444
D268G,D268,0.87393833644331,0.7855301461490036,0.613321021384936
D268H,D268,1.001500027838406,0.9835498635192628,0.9435082524225272
D268I,D268,0.9592478143180468,0.7556532053950397,0.6167854718749249
D268K,D268,0.5137961656654838,0.8223299580887387,0.7861300165536812
D268L,D268,0.31825306582983043,0.7232160207576155,0.6649943350442704
D268M,D268,0.9619489855200932,0.9156884163,0.9334361711057902
D268N,D268,1.0235195931807053,1.186695211532006,0.7701188169348882
D268P,D268,-0.01094754335878968,-0.15723861430477545,-0.03282641797047812
D268Q,D268,0.97943560946238,0.9574512511006312,1.0336663631424376
D268S,D268,0.9154700553681088,0.8980166113492987,0.5043953437329003
D268T,D268,0.8766043576659799,0.8891993833997007,0.8197095861405409
D268V,D268,0.9165493289043192,1.092263672967151,0.9369587043173362
D268W,D268,0.8637334760426937,1.3409505239775323,1.1556818744995356
D268Y,D268,0.8107829143260127,0.7238556648087275,0.96681218807554
D329A,D329,1.0763715993513665,1.166649346369941,1.1420973752558228
D329C,D329,0.39567051059746294,0.26289907153876263,0.2788977013869502
D329E,D329,1.148147324694266,1.5799221113887965,1.119935808889056
D329F,D329,-0.0217537262577484,-0.25545703649474855,0.06564571932201536
D329G,D329,0.7334148790207932,0.4060236759726664,0.4259619338247525
D329H,D329,0.6424444451086821,0.00777586168916375,0.6402570702377838
D329I,D329,0.2399915455592073,0.41508145920743894,0.27487548932388883
D329K,D329,0.24720259869383063,0.11105497075645147,0.21820828920411495
D329L,D329,0.4112354286100366,0.3801905594132993,0.39853148226770746
D329M,D329,0.8904836769199707,0.7424999563443723,0.3702562173477692
D329N,D329,0.9020543995726616,0.8280487256843029,0.867794968227034
D329P,D329,0.0825854927282884,-0.00320053295299626,0.01032015300909075
D329Q,D329,0.5722115581340095,0.5922922400569972,0.31758795287151537
D329R,D329,0.13642850195212886,0.00138696833364747,-0.01056866016248132
D329S,D329,1.0063831385326254,1.209995318614639,1.0148684921979063
D329T,D329,1.275003188084051,1.8222080776817176,1.208171927538086
D329V,D329,0.8302916267331166,1.008032880910739,0.5671749252812164
D329Y,D329,0.24703640332082089,0.2551774408692266,0.3461907327230475
E228A,E228,0.9114260380797168,0.8053634412716945,0.5636205511924153
E228C,E228,0.8885734609534427,0.8733481631018655,0.5074547933389368
E228F,E228,0.7473874645265086,0.4338628439975203,0.5408900858352228
E228G,E228,0.9852017316800412,0.8369436784964986,0.867663484635887
E228I,E228,0.6698985434884306,0.4720631137737343,0.4626345376928241
E228K,E228,0.91525426884936,0.5915515544303735,0.7160694795776216
E228L,E228,0.5951979925314277,0.4786753235206587,0.431288085337158
E228M,E228,0.7857147006149382,0.5767950066600402,0.41251662377303794
E228P,E228,0.918562660761026,0.8362581848484146,0.7854882688988536
E228Q,E228,0.8942723724464948,0.7826384895339238,1.0841340609860863
E228R,E228,1.026009670928293,0.7417523164527501,1.2508203686783994
E228S,E228,0.9388975516429042,0.760101066110058,0.7003307188924072
E228T,E228,0.8168330829160922,0.8082994767728631,1.1184512557216408
E228V,E228,0.7317552538757441,0.5484007357355773,0.6602434888516375
E228W,E228,0.7248734164202633,0.6918354032485678,0.5151891542602819
E303A,E303,1.065354833017875,1.1417574584175254,0.9550329475627322
E303C,E303,1.0862830225744216,0.9326244085261248,0.7876667088652368
E303D,E303,0.6612959467597975,1.0984271189871913,0.6657525942066908
E303F,E303,0.7854191040718813,0.5610761983001487,0.6987491988979962
E303H,E303,1.0076058564411554,0.9861657587351744,0.8957192863443098
E303K,E303,0.9117606010715452,1.261816689089592,0.993207638080825
E303L,E303,0.8155089423019829,0.6547517022374039,0.46932201576879856
E303N,E303,1.0454792912596478,0.8740302149546806,1.0318806895065005
E303P,E303,0.03871225820553568,0.12517886096537895,4.490584750919254e-4
E303R,E303,0.8950857833344352,1.0017728611960883,1.032497568307462
E303S,E303,0.598913601569819,0.3667143867398219,0.7093498126583493
E303T,E303,1.1591369561586429,1.0858732087032976,0.7311257804017977
E303V,E303,0.8835059545931444,0.8629696445374527,0.70910214130337
E303W,E303,1.0059943918482264,0.9779088770090428,0.7396349571188782
E303Y,E303,0.9215377454596672,0.8585844939029433,0.7104312203317299
F104A,F104,1.453090462516763,2.1631255595526175,1.560046159618926
F104C,F104,1.341838071381623,1.4759423899563906,0.996942928651316
F104D,F104,0.0635706869677766,-0.09153054822277064,-0.03184254495126119
F104E,F104,0.21974884929734043,-0.12425689683307048,0.13475994352417586
F104G,F104,0.2482013111445552,0.1888550530996633,0.22166260698768547
F104H,F104,0.09207697145078118,0.34029334365265246,0.14454742886351613
F104I,F104,0.9005730411697745,1.31306125477296,1.3381838919817757
F104K,F104,0.06447710425550578,0.3020127759458885,0.41136819533648744
F104L,F104,1.105916212198513,1.1820095339267138,0.7641985880297677
F104M,F104,1.153722694014194,1.3552937479084757,1.2533829826756957
F104N,F104,0.06497327395194451,-0.03404015254521259,0.1601711000064228
F104P,F104,-0.08974471088119895,-0.07299002209673819,0.06913310531980923
F104Q,F104,0.10795567067078776,0.12177010039872252,0.18281342950471607
F104R,F104,-0.02639477158917411,-0.04167761806441648,0.05475458672937625
F104S,F104,1.054307397899914,1.1823655155573474,0.8059287542785077
F104T,F104,1.0005379054715668,1.5863354436723884,1.3833073638798736
F104V,F104,1.2150461663523175,1.4935034199285813,1.320479851678339
F104W,F104,0.08301517945574119,-0.22281018687472337,-0.19982620146833285
F104Y,F104,0.5106883786302634,0.26344715941923114,0.3557083985781639
F269C,F269,0.6549918092634361,0.2611969640799678,0.39821480686750327
F269D,F269,0.3845744259905599,0.3270025105904771,0.24246479919141609
F269E,F269,0.6514279701441255,0.5331244896961655,0.2902718004010382
F269H,F269,0.5823723465188305,0.8069029134930474,0.872843456314931
F269I,F269,0.3953064821475375,0.2833875992382482,0.5295954403227898
F269K,F269,0.7276241515773099,0.6034154921739017,0.8614526833143508
F269L,F269,0.1430879616578359,0.6200927751346293,0.310239158047345
F269M,F269,0.9040302205712054,0.8907626254639797,0.615609346414943
F269N,F269,0.6173789971409369,0.15341564710687014,0.553113269770882
F269P,F269,0.38559201057016407,-0.02326377578658726,0.43047698017927094
F269R,F269,0.7571857141192768,0.487762361050318,0.4571034413074628
F269S,F269,0.8183514061065217,0.5845686737979926,0.4954023489414503
F269T,F269,0.5861362393194759,0.43927009018157026,0.1817544229632537
F269V,F269,0.713200447937852,0.71201016609326,0.6255577313201295
F269Y,F269,0.9609699566672716,1.0725051719997118,0.975823062438842
G359A,G359,0.5572019486828367,0.4338275852759102,0.694471837817198
G359C,G359,0.810574084793338,0.625726423499228,0.8099526462271274
G359D,G359,0.7589421928888391,0.6577818328186008,0.909110066808256
G359F,G359,0.6718759563080633,0.44426775960152826,0.5076030941397993
G359H,G359,0.5312098866197856,0.20209025040572445,0.4548419059057563
G359K,G359,0.6535204530435627,0.41530201590263066,0.5311249717274322
G359L,G359,1.0509827693353015,1.1690777138332336,1.1408014463610858
G359M,G359,0.6333016069004367,0.478055810799432,0.4854383625538488
G359N,G359,0.3651904653507187,0.4720694254596713,0.32291376524239257
G359P,G359,0.5386131558044746,0.11542621524752009,0.7332232650195429
G359Q,G359,0.7399240952228308,0.28669068314794677,0.4627107355199907
G359R,G359,0.744358823971982,0.4694345626562676,0.711903546008715
G359S,G359,0.6242154213211647,0.5128638782951767,0.6985345093559465
G359T,G359,0.79679828143938,0.7575214594164386,0.8336948778417611
G359V,G359,0.9313280778316811,0.7211682125260902,1.0639478968811995
G359W,G359,0.7472139758590888,0.5163660028793973,0.7001151332755859
G359Y,G359,0.8955267595930096,0.6563710426400177,0.7191899070976063
G411A,G411,0.6528191490253535,0.4542078103225592,0.6283461279887185
G411C,G411,0.3362366191154776,0.2897281705598639,0.38230008474387983
G411D,G411,0.05395314632297431,-0.04217626426561514,-0.04751631453708584
G411E,G411,-0.01927545485785966,0.14966265968060344,0.03119528121861808
G411F,G411,0.04617543046874175,-0.06680859164593907,0.07345852659438237
G411H,G411,0.03804347751962929,0.02094304883637931,0.04748599061893702
G411I,G411,0.03694524232315104,0.2412802350222491,0.08675217112058481
G411K,G411,0.04996368831546061,0.3168257387795377,0.08999678821331918
G411L,G411,0.1677856089426474,-0.10238972072762435,-0.09304672195378928
G411M,G411,0.01452470873096474,-0.15622816053601354,0.05179568619691999
G411N,G411,0.04212132886021531,-0.11433363002488532,0.03209321745500883
G411P,G411,0.2189273367445464,0.02069270296532863,0.17988265903761108
G411R,G411,-0.09882537396333949,-0.1299236268734316,-0.11330714916310695
G411S,G411,0.3637057594844874,0.16536796821903052,0.2184200385904386
G411T,G411,0.22994623826346097,0.09930063040003674,0.2607203440833751
G411V,G411,0.02418701299926716,-0.01595083319803215,0.09291983984839486
G411W,G411,0.1778974328379637,-0.2625688870621012,-0.1066791274092521
G411Y,G411,0.20395188332954547,0.4667541754143589,0.18200323144110084
G432A,G432,1.0316062119809752,1.117856844718191,1.2518643427703262
G432C,G432,0.3021672102563752,0.2408877411110091,0.26582946480263275
G432D,G432,0.6578632591818735,0.6908300565321629,0.5267472273900301
G432E,G432,0.08661429005303514,-0.03756895798832253,-0.0063794531192367
G432F,G432,-0.00173686925428884,0.04445722794511408,0.10818752072847392
G432H,G432,0.06016266866939397,0.2051217013521972,0.1404679055357653
G432I,G432,0.2785811072043817,0.0292495768457429,0.2548205333867045
G432K,G432,0.08151178927329157,0.02883047079921403,0.04398527870413459
G432L,G432,0.03647185289708814,-0.0113742837247465,0.01319738039459863
G432M,G432,0.02074924876742725,0.06412599213626584,-0.00487128774186953
G432N,G432,0.0820143568303378,0.10588515465325518,0.10453812112685898
G432P,G432,0.3378146263652509,0.22096604798482217,-0.02288694021933165
G432Q,G432,0.0547011329192708,-0.00676028455596284,0.01665603378342608
G432R,G432,0.13583587665761648,-0.18438547980480544,-0.12311303145693137
G432S,G432,0.8461023275963797,0.7454446987637052,0.9944337093958932
G432T,G432,0.0620990914635174,0.2943431795432098,0.18299704564534405
G432V,G432,0.6492182035270996,0.30225787119596625,0.4269244914523105
G432W,G432,0.07065179172494467,-0.11604683201190512,0.09028492233818304
G432Y,G432,0.01306222855637156,-0.1605436970981174,0.01611444766507986
H126A,H126,1.0811615693037344,1.3203725934309865,1.32423842280054
H126C,H126,1.0028647804193416,1.2593637986101252,1.3340287453893225
H126D,H126,0.8918685376584221,1.0186529983007506,0.5313173258316898
H126E,H126,0.6583737871016304,0.36340441918796584,0.5326134027396872
H126F,H126,1.0435613592122144,1.2727701527140327,1.491658398890008
H126G,H126,1.1677323338692107,1.3542257954771266,1.5786435785637458
H126I,H126,0.405705416832233,0.5119491609599408,0.5010292582246308
H126K,H126,0.2365455117760163,0.32835380001729486,0.3676034901812106
H126L,H126,0.45880626770182137,0.6205294216676006,0.4191633338992894
H126M,H126,1.2299685159092353,1.9592907587008688,1.7983288876017154
H126N,H126,1.231473866927136,1.9682532721126995,1.9150875482567529
H126P,H126,0.7108819291916418,0.6313426097262979,0.7175893290343526
H126Q,H126,1.244033287698801,1.616590814638669,1.4349514461879993
H126R,H126,0.5134991456181986,0.6409757889467587,0.4918617575281544
H126S,H126,1.1010312645600435,1.3648136034111855,1.2172875764083444
H126T,H126,0.6171140159001965,0.9281589196983522,0.8711568635142085
H126V,H126,0.6527845228722189,0.8202042177633894,0.6580082197524159
H126W,H126,0.23030797873968803,0.09963873195960012,0.23159876928472223
H126Y,H126,0.8991732882629773,1.2924005626696629,1.3194713724065856
H141A,H141,0.9091943860162944,1.3003064675740963,0.5154715511106476
H141C,H141,1.1981840710804053,1.4993677677921815,0.8663425629536092
H141D,H141,-0.06308581544936392,-0.1599689212854937,-0.05398023973353509
H141E,H141,0.30219209602329655,0.2641509269672484,0.34816566801458126
H141F,H141,0.8204720174791358,0.9861886879233208,0.5192396477946879
H141G,H141,1.086290767092577,1.3035633808990024,0.6780070981669586
H141I,H141,1.183056469871776,1.4876231021387076,1.0344533388781243
H141K,H141,0.9873324409835698,0.9489560990789312,0.5106208452302586
H141L,H141,0.9402071349450398,1.1334983946639658,0.7828453660074048
H141M,H141,1.0228804468243828,1.715382276514012,0.766766481681202
H141N,H141,1.1105786252322765,1.566336247535422,0.5398712940703171
H141Q,H141,0.9036422623894992,0.8061232910099515,0.8208254926240374
H141R,H141,0.15021506137597668,-0.3423893948344215,-0.47197826118405295
H141S,H141,1.1537598294291125,1.7613910415380087,0.7897801585525636
H141T,H141,1.2212559135711072,1.1357813118483504,0.8300698147336378
H141V,H141,1.016860469975359,1.1887370988688166,0.9639216267783546
H141W,H141,0.02510705641733512,0.381174481083869,-0.0708861926481308
H141Y,H141,0.2647229574516069,0.27377864037425675,0.5278409711596008
H265A,H265,0.8683417361864857,0.7804592454323862,0.9071610574306816
H265C,H265,0.8909909829199548,0.845485300189274,1.0667961607224103
H265E,H265,0.8003239767553033,0.6955780519554023,0.7625153978861906
H265F,H265,0.7651461528832956,0.5977357225236135,0.6056036891977112
H265G,H265,0.7923409533702925,0.5610053166169962,0.9181128121533042
H265I,H265,0.6137050911865697,0.41433813779264167,0.5966202879462648
H265K,H265,0.7369221984474448,0.5490594064618058,0.6847189565582535
H265M,H265,1.0153120066314285,0.33518856728767726,0.6455577035041522
H265N,H265,0.8781026579298917,0.6543449761627568,0.7625451524561593
H265P,H265,0.46485655011507626,0.30239437070354963,0.91591326791191
H265Q,H265,0.8470653492848189,0.7078105967672812,0.8792482282891179
H265R,H265,0.7320983772443338,0.3465202239399218,0.2547795780115919
H265S,H265,0.8214593045683669,0.7410769968315041,0.9542184535635908
H265T,H265,1.0271301096008885,0.7281282294454869,0.922611292819552
H265V,H265,0.6818144322397783,0.8502424001851343,0.708336201110635
H265W,H265,0.9410992564552434,0.853779764771685,0.6984821710921163
H358A,H358,1.2847719644815632,1.665006342973091,0.6531097676446699
H358C,H358,1.2861552426578866,1.90606965627704,1.299025362003996
H358D,H358,1.3587986314056608,2.210951222861514,1.2374930613956112
H358E,H358,1.356045271727805,2.010240708390043,0.9191670431793632
H358F,H358,1.079429280970426,0.8861592150344872,0.8026476176009185
H358G,H358,0.8029152338223757,0.687165388444583,0.40442597235869066
H358I,H358,1.34512674057267,2.042852672789738,1.0094044694222413
H358K,H358,1.260428464863109,1.867821857761972,1.0842714695882631
H358L,H358,1.3135730987044008,1.8838847999062447,1.264857450298213
H358M,H358,1.1358687698866217,1.624008892658206,1.5369417626361956
H358N,H358,1.0702910283330411,1.4609686551441932,1.082849675766392
H358P,H358,0.10830622806255392,-0.0340179552465929,0.20960329759574195
H358Q,H358,1.2889740986285296,1.9463066694656923,0.993834400378404
H358R,H358,1.2651278195037257,1.8472299014434128,1.0248139279113269
H358S,H358,1.4463100134766418,2.1073965844075766,1.0417933262221968
H358T,H358,1.295134593773218,2.0741915920428946,0.8437608111447849
H358V,H358,1.3234927410496633,1.9958313743864828,1.0764046056551777
H358W,H358,1.1902082339176865,1.75993804154852,0.949469507677138
H358Y,H358,1.0192605441628564,0.7516197640420248,0.8140212058940177
I425A,I425,0.6750072671620987,0.03520543111603732,0.31308958366541284
I425C,I425,0.8338062343240688,0.7788649989238686,0.9581583010676654
I425D,I425,0.7831702824554342,0.9750938630813932,0.4551127296351861
I425E,I425,0.9226104718235496,0.781925230448461,0.6725847294645667
I425F,I425,0.8780688233690616,0.6598246369998435,0.4243222571842619
I425G,I425,0.3805969251492398,0.20206595296367968,0.24763215111212145
I425H,I425,0.8465243617014232,0.46090877535061214,0.5698476603981825
I425K,I425,0.968261533953022,0.953728473673912,0.8274350158468073
I425L,I425,1.002551274171902,0.9827387224504678,0.9445872422551024
I425M,I425,0.8289976930754169,0.7893046525691938,0.7897842594293383
I425N,I425,0.7625537660933859,0.5317038771149282,0.18430127993375897
I425P,I425,1.1410424185268218,1.092278201727737,0.3821313418584521
I425Q,I425,0.9787257995681024,0.7651098514661795,0.5876821342642163
I425R,I425,0.8250449588848665,0.4577192192353309,0.432997116490932
I425S,I425,0.7562579241109869,0.5865239675433578,0.399611622968858
I425T,I425,0.8750154392571203,0.8379930332160264,0.6168066516753302
I425V,I425,1.0094468502504892,1.1147634914336284,0.9513994129741562
I425W,I425,0.8245074039891019,0.3563906633405813,0.5037254882150819
I425Y,I425,0.6716940482181839,0.422945916573201,0.40113663832939794
I433A,I433,0.8656977452725418,0.619515887052882,0.7177442782036065
I433C,I433,0.6686591676728866,0.8480826807826302,0.244983982307086
I433D,I433,0.6131301466751153,0.40058463410796746,0.0104053507550452
I433E,I433,0.7732329540794686,0.8561388869587797,0.5539839263381012
I433F,I433,0.4056885873032207,0.22674728862016255,0.3335657080795104
I433G,I433,0.3493941123317522,0.3507915567921205,0.2823424513881585
I433H,I433,0.7129751868467503,0.6097081337683826,0.5483505463366621
I433K,I433,0.8099587713104913,0.6804985133725643,0.6968166665790508
I433L,I433,0.8416155627382638,0.6282095736241589,0.6945988596059843
I433M,I433,0.7550674216739888,0.6318434362942124,0.7882980367124943
I433N,I433,0.834044670407855,0.4125643854257428,0.35455978456180076
I433P,I433,0.09722336697192945,-0.05797278541904396,-0.2221067646910594
I433Q,I433,1.0149751893438208,0.6957726672280657,0.7991855448656271
I433S,I433,0.7673083701978892,0.42932206570522347,0.25938392980838354
I433T,I433,0.8122304149816667,0.9123471387377384,0.9711748131224892
I433W,I433,0.545107717382129,0.15379935519853596,0.4121796275682388
I433Y,I433,0.5404191879043677,0.223325870126735,0.13737410654553037
I45A,I45,0.7999811302990923,0.7633092286241993,0.6037256366601841
I45C,I45,1.0735089012581405,1.17793060925898,0.9184396947167384
I45D,I45,0.8769473006530246,0.5543765738381485,0.354431846119645
I45E,I45,0.6224368158396076,0.4359170659273437,0.40379473028136065
I45F,I45,0.9798615957436124,0.96029495508326,0.7755926608845681
I45G,I45,0.7858471766821425,0.6595738661328245,0.5463560879709493
I45H,I45,0.8531366238705765,0.8196923700500772,0.4483074095223601
I45K,I45,0.7439587752255418,0.6311331651827314,0.8424105037691618
I45L,I45,0.9254954798018188,1.0312190448059042,0.7771332097474328
I45M,I45,0.8899584239555063,0.8014845571665719,0.7444749750990703
I45N,I45,1.0648139201069218,1.044495850152669,0.9550233741151056
I45P,I45,0.7737206178888509,0.47579046770015576,0.3658426337152677
I45R,I45,0.7815694416719534,0.5618685638596825,0.7583927731315703
I45S,I45,0.8197118387250043,1.0090305366026942,0.8080745488801849
I45T,I45,0.7982002207122687,0.4267902575497072,0.4844220419582523
I45V,I45,0.9284433852865426,0.8811733519879941,0.7224585288135568
I45W,I45,0.6510786454504466,0.3461767298790509,0.2863748864880983
I45Y,I45,1.115033298839848,1.1799733438854076,0.9379866216367808
K158A,K158,0.8441489280809485,1.0773825705778808,0.7044609541711957
K158C,K158,0.8168420354561613,1.0757564173524317,0.8030758269688028
K158D,K158,0.9170262757824365,0.6516587081148814,0.6822713951023649
K158E,K158,0.832664021867924,0.7867140656873287,0.595218720287504
K158F,K158,0.8225296256169491,0.7918879473741581,0.7567086761634568
K158G,K158,0.8634727899377423,0.96564088133786,0.9055283994448288
K158H,K158,1.014792428854898,0.9996160741672702,0.8644788953189746
K158I,K158,0.39170484169342096,0.11517338459593283,0.2842477022079398
K158L,K158,1.002908652854664,0.6778238905362141,0.5488090246157804
K158M,K158,1.0115501296944118,1.2726803337927506,1.008034330889117
K158N,K158,0.8736402510278266,0.8964187931870236,0.9276245312151268
K158P,K158,0.04213540248620316,0.439034692884073,-0.20835646851487377
K158Q,K158,0.8964164642633491,0.794058064501719,0.8043218982067535
K158R,K158,0.80034530351481,1.159482962684338,0.9507514282644812
K158S,K158,0.9812148558782374,0.9725978643339628,1.0972140090376594
K158T,K158,0.5571686569224714,0.3889306197876285,0.4324475831436114
K158V,K158,0.5345263088464717,0.15257840228028866,0.32056912521036174
K158W,K158,0.7554038554776649,0.6061590521714577,0.6327508929918021
K158Y,K158,0.8339716826494066,0.8913883739143983,0.7325777889220538
K214C,K214,-0.03124609033454707,-0.1823780834973423,-0.24079938933694853
K214D,K214,-0.13897448251382852,-0.2428868478674926,0
K214E,K214,0.01111953733338207,0,-0.09534487718605292
K214F,K214,0.06985668007619665,-0.25273764590402403,0.2647514807001687
K214G,K214,0.03356965922216367,0.0071074059709615,-0.1762101887752201
K214H,K214,0.2868813095055334,0.2316900556159331,0.3144471980980197
K214I,K214,0.05117942704220903,-0.27800559446461165,-0.20913284407022517
K214L,K214,-0.01684319860376815,0.0039112336737769,-0.07501153684360015
K214M,K214,0.24438484489105697,-0.23796401093994105,0.01264653337082703
K214N,K214,0.01071403636692306,-0.0756288805422507,-0.26116978611464314
K214P,K214,0.06582334949414577,0.04702758797185323,0.11006788649462532
K214Q,K214,-0.12149473987440534,0.03397170173239376,0.0413046885488459
K214R,K214,0,-0.04337232934108005,-0.06588766861593187
K214S,K214,-0.02996166810169318,-0.10892014201582484,-0.01496114490904566
K214T,K214,0.07707068007489375,0.01041910774164858,0.07999598447630482
K214V,K214,0.0175525900213036,-0.10728325018974212,0.15176099417610073
K214W,K214,-0.03782730694825421,-0.19572546768063737,0.10709781248865163
K214Y,K214,-0.01952116445507588,-0.25100728026670677,-0.01005118390964344
K233A,K233,1.219410260975875,1.463631028673757,1.207772859021447
K233C,K233,1.2152550132061828,1.8120560907851335,1.454963998687131
K233D,K233,0.5600288264703024,0.38271744770034954,0.3920995895170568
K233E,K233,1.0945666199790474,1.3186228499464143,1.1031899603412636
K233F,K233,1.1950762888337565,1.599806507576365,1.290550635855684
K233G,K233,0.6012652855090519,-0.02829623356473026,0.6926513563452861
K233H,K233,1.3511958162990263,1.4855082535509478,1.3458361834432293
K233I,K233,1.3572435973428545,1.6666242563651297,0.8271489574005438
K233L,K233,1.1388365150324606,1.3722029461219238,1.2785326188708976
K233M,K233,1.1667695730466323,1.56193492744693,0.9214347694223384
K233N,K233,0.8813758858709959,0.9704990367921856,0.9454951345066656
K233Q,K233,1.0045936683339496,1.2234524281493804,0.9405163736176662
K233R,K233,0.92333132362744,0.8710916716139789,0.8318350341244368
K233S,K233,0.9301188741962508,1.0949353002387061,1.0058737184532796
K233T,K233,1.0320904778671511,1.4230421187258318,1.0395308878493643
K233V,K233,1.1803922113563303,1.312718657240117,1.2727862714092812
K233W,K233,1.1895944036024575,1.4854842642997812,1.2584722121542766
K233Y,K233,1.2268086453711848,1.386447567855666,1.1449461515180408
K261A,K261,0.9518774613634272,1.0421205407981469,0.9172865968615648
K261C,K261,0.8346943606574083,0.8365815276325611,0.8698692474411462
K261D,K261,0.992020411918314,0.9398429757712016,0.7575591907972264
K261E,K261,0.8949138429432425,0.9218249267854686,0.787863543375876
K261F,K261,0.836667125688604,0.7309233278096224,0.729582796588625
K261G,K261,1.210632422088288,1.185971262031576,0.5581118670820466
K261H,K261,0.9123330975862344,0.7807204357930833,0.8039397791467829
K261I,K261,1.0447223333587947,0.7799173545555255,0.7757701996112151
K261L,K261,0.965173231572686,0.915933909909804,0.8177471613319599
K261M,K261,0.5427642211380707,0.9903084576039788,1.329973018093925
K261N,K261,0.9461219717937248,0.9618227613917536,0.9527301374656274
K261P,K261,0.4459303504976292,0.7001153937349893,0.6285198624172119
K261T,K261,0.7385007667812228,0.8283398209077618,0.98792653396221
K261V,K261,0.3538067165182977,0.7169178363220404,0.5750772614581948
K261W,K261,0.19316529245622832,0.27248466821507233,0.3737277465129572
K261Y,K261,0.8994638214499213,1.141264299210892,0.48689442150402673
K276A,K276,0.8361733458114461,0.6426144597617482,0.33706402865548424
K276C,K276,0.5372645446967144,0.3641322236991405,0.7158782808445628
K276D,K276,0.5124151591519219,0.19899349314164563,0.7761717010491017
K276F,K276,0.17493856565764485,0.2265497044709194,0.3402195608822689
K276H,K276,0.8559205433006155,0.6697213265490167,0.7207928894973651
K276I,K276,0.8276558554814879,0.4995592859890446,0.4420448865362866
K276L,K276,0.694493570953943,0.22117020997332143,0.4686193093736591
K276Q,K276,0.8113292811495436,0.4561621895445327,1.228403087406529
K276R,K276,1.051162228960081,1.0550728562911866,1.3709506314378028
K276S,K276,0.5730061646811536,0.5401277218339849,0.8709853836945591
K276T,K276,0.5695294798116846,0.40979103109747433,0.261593535465343
K276V,K276,0.7375616851478868,0.46921598660287367,0.34924386782902916
K276Y,K276,1.0037509225449788,0.3831872260907873,0.7758316363998009
K27A,K27,0.8973973447993051,0.8349860258131256,0.452879299764254
K27D,K27,0.5524427140097236,0.19559311019001308,0.1966502489439323
K27E,K27,0.8194896017273428,0.6169388779838455,0.526277475790149
K27F,K27,0.8814495454530651,0.7206077543658594,0.9229318687810936
K27G,K27,0.5901680423416397,0.25412909843746484,0.43016021546492195
K27L,K27,0.9567832482250072,1.5940138739854148,1.2303384064401346
K27M,K27,0.4630740529024177,1.6924280857937744,1.6530931265238644
K27N,K27,0.8352458981391968,0.9170472763364746,0.8581506126164812
K27P,K27,1.3215557654960148,1.5745439014507652,1.4005643212224836
K27S,K27,1.3290462467370432,1.264751700874817,1.403338907493441
K27T,K27,0.7399373335783195,0.664897785942667,0.5861873524050399
K27V,K27,0.9243626185767044,0.6904094218704204,0.7554252219847447
K323A,K323,0.7723379886662303,0.7352352480020236,0.356665169065139
K323C,K323,0.17662024064168358,0.07024268111049699,0.10101612018685915
K323D,K323,0.40940729124710173,0.4288624762487996,0.3839525261594627
K323E,K323,0.1691087823501615,0.06129990307012017,-0.01779212439489646
K323F,K323,0.21044973684215215,0.0645764555269662,0.21483001601545124
K323G,K323,1.0433072787615827,1.1590828616529407,0.7185756567960914
K323H,K323,0.3836653626701539,0.6130190262949298,0.18731871400604144
K323I,K323,0.2714224208970692,0.10543547745892425,0.01590774394267764
K323L,K323,0.07578130750672663,-0.00661652444655467,0.05066721178096875
K323M,K323,0.3540343736550005,0.12373414556051852,0.2802733233778124
K323N,K323,0.8240753234968335,0.6758657993711387,0.3075045800566821
K323Q,K323,0.4766348814964799,0.5775781279389064,0.6286049241898455
K323R,K323,1.099094225285251,1.7349582760347202,0.9960414076502128
K323S,K323,0.8811571451211193,0.6979993107280389,0.4749576357837733
K323T,K323,0.32799997605426295,0.29190434324857956,0.26276312612935154
K323V,K323,0.2936265389388383,0.5214649447808056,0.2994632059162002
K323W,K323,0.303382008973465,0.2966611468400157,0.13274133966551743
K323Y,K323,0.13525775042568758,0.1500426822717182,0.00339934455885666
K33C,K33,0.8776652987817334,0.8699227684472686,0.8969083035766069
K33D,K33,1.1030727597222074,1.1255701157935918,1.5744718097057555
K33E,K33,1.0354265368970983,0.9389817214395232,0.8138841024675947
K33F,K33,0.9030062215949672,0.8617995675169093,0.9562414374630732
K33G,K33,0.9343707231794054,0.6642956067965982,0.7657346531762635
K33H,K33,0.8340715034491029,0.8990282557457899,1.0103020176027782
K33I,K33,1.0311847111256442,0.8632647324325305,0.9024129207978686
K33L,K33,1.1600160776793678,0.9193161250244092,1.4844832631722382
K33M,K33,0.99689494725014,1.061989068008807,1.0625911390872842
K33N,K33,0.818215251945342,0.5220436873852063,0.45760123180828033
K33P,K33,0.5644297117632684,0.5488361198824511,0.6607379631394188
K33Q,K33,0.8637516809706224,0.7327455299949123,0.7277390316439888
K33R,K33,0.7236088604382257,0.8149884295590712,1.1665396460328443
K33S,K33,0.5134575618684976,1.156989886225939,0.719670519511967
K33T,K33,1.0951497292841788,0.8211858629024229,0.8155717140490695
K33V,K33,1.153991159079804,1.3532019257208352,1.340782980400839
K33W,K33,0.8041262029866315,1.049891685402248,0.9529714758808668
K33Y,K33,0.7504966442891173,0.8970053465684442,0.4046187835696238
K360A,K360,0.969602453631707,0.9869353499802024,0.7795437809837641
K360C,K360,1.2926441064598733,1.6970223556836057,1.2587843590737244
K360D,K360,1.3048648680393278,1.6599768771266956,1.2878882314334237
K360F,K360,0.6634172726269475,0.7368789493996284,0.7872181234493181
K360G,K360,0.6414321289858097,0.623966392777059,0.6912903897592868
K360H,K360,1.0690181406038588,0.9859810614246428,0.5059357939270882
K360I,K360,1.399793856818866,1.9816983162193689,1.377445046084636
K360L,K360,1.2291533350414228,1.6650525233925906,1.5327128836283708
K360M,K360,1.3015324661376229,1.754260845382836,1.5482343153120637
K360N,K360,1.1243390575374332,1.4723614477045284,1.2195665644306275
K360R,K360,0.9295469958937356,0.8775228520755409,0.913232230884023
K360S,K360,1.1156631002494364,1.277474835252185,1.253200144699164
K360T,K360,1.2713065249825175,1.736986409356977,1.403400742165554
K360V,K360,1.2421131774741103,1.7032004723597318,1.0672788309106582
K360W,K360,0.360865263209522,0.2761841852655729,0.4002479006284309
K360Y,K360,0.975373132544464,0.8349056710155703,0.949053006842946
K381A,K381,0.7824392320213074,0.6788221748403246,0.3363245235157278
K381C,K381,0.913212137891829,0.919732354466268,0.9186274170181395
K381D,K381,0.7650761274326608,0.6486100769688822,0.675383527604522
K381E,K381,0.81590459142945,0.7455868438411968,0.8438764281158871
K381F,K381,0.8303437589263623,0.8859650449705018,0.9588006685553926
K381G,K381,0.5507194176197628,0.4457161074050701,0.28819758542238877
K381H,K381,0.9041357127603658,0.8631763511845357,1.0248974901597143
K381I,K381,0.9134192328572855,0.802764016416902,0.5907735382712032
K381L,K381,0.919226445343386,0.8625627818494629,0.6961126914425533
K381M,K381,0.8590191940402269,0.8250107283152153,0.674140927717249
K381N,K381,1.0102554795469547,1.0883783967955811,1.1407147224523155
K381P,K381,0.9823510159150106,0.8036678466989714,0.753232289061956
K381Q,K381,0.8507385171128091,0.7543612121074329,0.9029593828067232
K381R,K381,0.8929515675002031,0.9674675952296988,0.8059654977015134
K381S,K381,0.8685106478488751,0.656129511357561,0.7153099136022
K381T,K381,0.6749423637754105,0.6723486083524308,0.7119339327235503
K381V,K381,0.8157953867291085,0.5964569268797801,0.5030436752997247
K381W,K381,0.6014904856771002,0.4038884397861346,0.368954224618544
K381Y,K381,0.9587514062187792,0.9292454313352853,0.9215151855426976
K43A,K43,0.9847841998662272,1.0757994755880556,0.6689674010187382
K43C,K43,0.9878907143782694,0.9649105898509136,0.6439381886394883
K43D,K43,0.15578162770289572,-0.0737583049587098,0.15618226305741847
K43E,K43,1.0935099093186251,1.4018909189967648,0.875343884216257
K43F,K43,0.878553885848744,0.7542357478150115,0.6835977941483995
K43G,K43,1.0067456233743082,1.050184024788277,0.5589824423386031
K43H,K43,1.0051033594039835,1.1920220744448355,0.8194350998890482
K43I,K43,0.13681725249238882,-0.00688559727856743,0.48387127756125303
K43L,K43,0.7372548131051533,1.1791545432570008,0.3222423156161775
K43M,K43,1.0712758186125286,1.3179844087693209,0.600429114339618
K43N,K43,0.7331919464991495,0.6851153448247783,0.4125621551372693
K43Q,K43,1.1305903687227832,1.3912258443983858,1.237567549451722
K43R,K43,1.1372157729251064,1.4660384273475748,0.9501628310990742
K43S,K43,1.0602951384874553,1.1188671557853558,0.8648584402315311
K43T,K43,0.1355674622142206,-0.1327994550387392,-0.11131555313816896
K43V,K43,-0.0763197193680863,0.1478031006383503,0.1998515367601408
K43W,K43,0.9920796697023084,1.3198102251352382,0.6949175795832058
K43Y,K43,0.7729552575724398,1.0140100703891544,0.02357735472084443
K443A,K443,0.9830298689439232,1.1998747944048174,1.103803008551521
K443C,K443,0.7466004644902876,0.5574137213547896,0.801470197724231
K443D,K443,0.49714729864031415,0.21178919498333423,0.40229744285975183
K443E,K443,0.6454099980470603,0.1374737829426872,0.5214434723009915
K443F,K443,0.6517437944898293,0.6704330453683326,0.5688572927552242
K443G,K443,0.6820656523712642,0.16963695291719866,0.3169243084884076
K443H,K443,0.8041948307686307,0.6801489599500999,0.6581914334829996
K443I,K443,0.9370217611556502,1.037490133876641,0.8060862851221972
K443L,K443,1.0067360568257426,1.146638261163294,1.2488768671453072
K443M,K443,0.8078053735471947,0.7227118553611751,0.7372672120846652
K443N,K443,0.4318486493972024,0.42082799905432566,0.22490279754449735
K443P,K443,-0.00263009169449291,0.2432931457608477,-0.00686673308341421
K443Q,K443,0.6991696794022885,0.6001909735558982,0.7913478379278486
K443R,K443,1.0760532581738125,0.9148218522798224,1.015457084416163
K443S,K443,0.9896242404189972,0.8078924123903466,0.772970442657674
K443T,K443,0.7161548505113005,0.5295090038885492,0.704110988060762
K443V,K443,0.9423670080355656,0.7187368123484914,0.7424757940885462
K443W,K443,0.8550482751241874,0.4810444453523609,0.5486090175146154
K443Y,K443,0.822173933335465,0.7178714712537673,0.6718299068587207
K453A,K453,0.9428094998296732,0.834715590368468,0.44067884957834097
K453C,K453,0.87068707733297,0.7271199437397332,0.6083014704971065
K453D,K453,0.6580732372302941,0.3904295641485014,0.27364210418164114
K453E,K453,0.8185549687436708,0.6296502076076723,0.4415673833564064
K453F,K453,1.0183984672751154,0.7521840874771446,0.6752089759502458
K453G,K453,0.8757829806948412,0.6301039888856422,0.5839905058441471
K453H,K453,0.9434433406778444,0.8382262871012957,0.5125548728847726
K453I,K453,0.9181699230568908,0.7627145571403658,0.8797175109729343
K453L,K453,0.9825740697100044,0.919187796597846,0.8704234043030987
K453M,K453,0.962997439054204,1.113092966118553,1.0026121995318988
K453N,K453,0.8073696567108393,0.3774937810395853,0.4080345538576074
K453P,K453,0.20276573960127703,-0.05595298811788553,0.06144711456890572
K453Q,K453,1.0001650243783309,1.001569607427666,1.127670829523413
K453R,K453,1.0993399077880823,1.014033974606837,1.0574358717389187
K453S,K453,1.0529709064991903,0.9313875585592029,0.7981385381441808
K453T,K453,0.7993688068541662,0.6421769459591357,0.636685514681092
K453V,K453,0.8853028294521609,0.7639749649933739,0.703200843435532
K453W,K453,0.7433090600624465,0.5075098150610589,0.3656569206477164
K453Y,K453,0.9205391239007096,1.1412832975303466,0.8589508592878097
K456A,K456,1.111193803555773,1.0218089534109625,0.9594224370929382
K456C,K456,0.999256682842086,0.991206000187713,0.9833472874597228
K456D,K456,0.9709337489928314,1.0298340484181807,0.9891893767869236
K456E,K456,0.956919124627177,1.0950494738169296,0.9446654963914346
K456F,K456,0.9242050258068256,0.9379800932880475,0.8888597412716802
K456G,K456,0.887254216374607,0.7954546017608363,0.7201322354620865
K456H,K456,0.9538061379141338,0.8780782502610623,1.077624899781958
K456I,K456,1.084656876822205,1.259447198957149,1.0320023333438346
K456L,K456,0.9304044213894268,1.097388346075018,1.005040299834655
K456M,K456,0.9029037793836958,0.9802568621900454,0.6874275396880144
K456N,K456,1.0605385861104673,1.0156030164964782,0.9504418393910712
K456P,K456,0.9532360077394724,1.053419744793147,1.057270183972315
K456Q,K456,0.9714521578821628,0.9473996616905058,0.9348009613810688
K456R,K456,0.9553245172458628,0.9063498454499328,0.9360033920931508
K456S,K456,1.0272435511811713,1.094553948093017,1.019243540144297
K456T,K456,0.9848193820802706,1.1632706060154323,0.965139464983886
K456V,K456,0.997616288879579,1.0284018962267922,0.8745439238706261
K456W,K456,0.9914543155831792,1.054268090481482,1.0362662335282202
K456Y,K456,1.1480971333230217,0.8645456347333242,0.9721465281660926
K467A,K467,1.0711496889858665,1.208313744958942,1.1001487983821785
K467C,K467,0.9155550898191316,0.9024459227751952,0.8482132032327213
K467D,K467,1.14051550230246,1.3321458953801182,1.067816729558738
K467E,K467,1.101424217450446,1.355295669921095,1.2885758359838766
K467F,K467,0.637851925417886,0.4507014833915723,0.7115187657023999
K467G,K467,1.0227298808619716,1.038585866096125,1.061935461235466
K467H,K467,0.7615518605658983,0.6658659866629527,0.9742512141626922
K467I,K467,0.98654082537467,1.0220190183186966,1.1076629432937528
K467L,K467,0.832535917545651,0.8169377735875591,0.956402153586558
K467M,K467,0.8318970066859948,0.6489191598029983,0.8741510761705626
K467N,K467,0.8366462142160772,0.63662272474357,0.594013158458754
K467P,K467,0.5868827022012144,0.4681272150865273,0.648687885560707
K467Q,K467,0.8674520006344422,0.744384499391764,0.8902517801978994
K467R,K467,0.6155588117359315,0.7284677752533416,0.7373130307797666
K467S,K467,0.9308765829988472,0.9000088982828617,0.9530935228609788
K467T,K467,1.0388881733899755,0.6349763198265074,1.1742112131171918
K467V,K467,1.0081222429460466,0.7981697524055045,0.5674520383254168
K467W,K467,0.4354023182134027,0.13810348258932645,0.1842766580972091
K467Y,K467,0.7260741635522145,0.6271367525525534,0.505808749367609
K471A,K471,0.8755045264426621,0.6812032430771731,0.8762716367147475
K471C,K471,0.8743859321397202,0.7659257372074606,1.0435338619561487
K471D,K471,1.0467614528568705,0.9655957657339724,0.9636673790591276
K471E,K471,1.2403833865035954,0.9901037376738088,1.0255562584385232
K471F,K471,0.7967713155675537,0.7342131691699758,0.8926449998271196
K471G,K471,0.9621751105465414,0.8417712164782674,0.7626338829203663
K471H,K471,0.8751024679907113,0.7677847437633324,0.8046616800586619
K471I,K471,0.7847410072014888,0.7302251523123559,0.6897816418170803
K471L,K471,0.9401820714201164,0.6790868549798879,0.9978206870964672
K471M,K471,0.7529395988081727,0.5166615322701065,0.5844164751949826
K471N,K471,0.8408213676241777,0.9044568674759486,0.9137277697413384
K471P,K471,0.48899040145683337,0.24357492828371205,0.09926227698383228
K471Q,K471,0.8241165657820891,0.7319893700729974,0.7825552003939544
K471R,K471,0.9798937044525072,0.764906489102195,1.1162099023344882
K471S,K471,0.7591869761979615,0.7384659280072857,0.9898284427007144
K471T,K471,0.891708309295885,0.7483133217007877,0.7867981518153184
K471V,K471,0.873468719323318,0.6104384666193579,0.869113713574858
K471W,K471,0.8591239088441625,0.7824317367527471,0.7416478815936395
K471Y,K471,0.8959645670066384,0.7428942900980506,0.9579846264592274
K479A,K479,0.9231588035848158,0.7578520398184206,1.2554247027498884
K479C,K479,1.1449952615290993,1.0093154981069272,0.6477454023237695
K479D,K479,0.7172232481301122,0.6766322892320027,0.6843754660526239
K479E,K479,0.8623185995122508,0.9123676392553596,0.8894640800772208
K479F,K479,0.6947461858222308,0.7601234937689401,1.093194282034832
K479H,K479,0.9476068757633206,0.7167985374452696,0.6676966028870649
K479L,K479,0.7465750849491799,0.6612025853671775,0.6875756537447275
K479M,K479,0.9343724984945878,0.8831193512432165,0.6261664541074599
K479N,K479,0.93556121581828,1.1378708522206558,0.8593984745426695
K479Q,K479,1.0189342600756073,1.050889381763024,1.1023116892966685
K479R,K479,1.0791213561195483,0.8737956719516534,0.5009852382023046
K479S,K479,0.9756721160196796,0.8986118704393777,1.1885926502379536
K479T,K479,0.8066490375109127,1.1291921977041872,0.9539696874885432
K479V,K479,1.0489432134683223,0.9870737128211592,1.5616448805485037
K479W,K479,0.9330168745266604,0.6738472737568371,0.5540781171412953
K479Y,K479,0.7788639814603221,0.6062611654659117,0.9623897554939378
K99A,K99,1.158043456528708,1.3025851781678104,1.614087895120141
K99C,K99,1.1520665100154306,1.5823788202920297,1.5342363643818857
K99D,K99,1.0441812491565283,1.1812965477849664,1.2327908314806175
K99E,K99,1.2293139619573172,1.6813498353551637,1.4036784575859864
K99F,K99,1.2502159816330007,1.530706385185266,1.2012542100957255
K99G,K99,1.219902442443726,1.5332616135015942,1.3489545980354605
K99H,K99,1.0511363410417265,1.267763018688467,1.2240350589205775
K99I,K99,1.1753340720885554,1.305738333718188,0.9940927291957948
K99L,K99,1.1783267360367762,1.4555774403197117,1.0893683788530029
K99N,K99,1.1999511555574305,1.5523843869272007,1.5780889434260037
K99P,K99,1.1145435342638963,1.7028699051814404,1.093634390083888
K99Q,K99,1.210349025839924,1.342968765791016,1.1824952454353233
K99R,K99,1.0039880246600126,1.1776052386384832,1.2152380434753924
K99S,K99,1.06667317199676,1.3385688938277698,1.3817209928173593
K99T,K99,1.1704221820380825,1.3474810489814182,1.2762827718874503
K99V,K99,1.0438392730669594,1.344137400728035,1.3107407587467998
K99W,K99,1.0986258150811683,1.4906927521625717,1.256214274797437
K99Y,K99,1.0791486132839632,1.2421038472694088,1.2096941792064562
L132A,L132,0.25055027178971034,0.09971673975386186,0.4639557597298872
L132C,L132,0.2191509901669864,0.2027038003970248,0.2668250442729698
L132D,L132,0.12201973750630876,0.29569999115387935,0.48278515834254054
L132F,L132,0.6080957791513621,0.13642637904575064,0.6505487448179565
L132H,L132,0.5049889340316377,0.26154898751062833,0.19878785339639576
L132I,L132,0.5439429514897653,0.2161968293136576,0.3635988200087905
L132K,L132,0.9603989362724844,-0.28604852147540494,0.4786428291312418
L132M,L132,1.1941469004771972,1.5328022914550403,1.463602278994819
L132P,L132,-0.05915671485819063,8.429526857198937e-4,0.2644465019595025
L132Q,L132,0.9507355351417248,0.8699830208695661,0.7193965876365964
L132R,L132,0.0422758300048075,-0.11955268542844194,0.00321216537875941
L132S,L132,0.4094653871893525,0.3208207756597949,0.4889628370419997
L132T,L132,0.2988754881312417,0.3910752143155329,0.19516568280094537
L132V,L132,0.31168580574868077,0.19691303097579327,0.18154635182956572
L132W,L132,0.32736948466905735,-0.06659447740647143,0.3167474277790961
L132Y,L132,0.618813164092736,1.058679768802531,0.8356070075875033
L150A,L150,0.8860060813710614,0.8130609439577934,0.4764829557938235
L150C,L150,1.084332926333091,1.0819701321287785,0.7548228183686704
L150D,L150,0.2418974992781139,0.1407233462566226,0.2819349170414785
L150E,L150,0.47432806508777414,0.3635271528031336,0.19415527299232396
L150F,L150,0.7619370296606229,0.9817836179920162,0.8621221387460499
L150G,L150,0.3797928016900692,0.26472337433234555,0.15011202508360869
L150H,L150,0.9466137354358544,0.9289933020661038,0.7188075574477267
L150I,L150,0.396388334944639,0.12936396372905537,0.28625071921922784
L150K,L150,0.3368757029499825,0.23497151096203825,0.231365809415105
L150M,L150,1.112834509611783,1.251714084741337,0.8769080699231214
L150N,L150,0.5269369877766399,0.5969308384433268,0.5251130982249057
L150P,L150,0.05892387703517437,-0.00798103505881705,0.02189190623289086
L150Q,L150,1.0584687504233887,1.0863492092761498,0.9323952585353306
L150R,L150,0.5368724053047391,0.3462241289705524,0.25956318457892263
L150S,L150,0.90188709061774,0.9609959702367068,0.6185405831934521
L150T,L150,0.29653633386242345,0.26507656846960415,0.2769182396010318
L150V,L150,0.5202054857025283,0.32424812365853356,0.35429739079370903
L150W,L150,0.8433598940633746,0.9485308091607092,0.9979074814835824
L150Y,L150,1.017969676672704,1.0806514278598731,1.044760582323319
L336A,L336,0.8064899511919977,0.932730026499474,0.9056413820448388
L336C,L336,0.9716821338511852,0.7347172348340576,0.695396671516826
L336D,L336,0.08412845237484277,-0.01951206768465049,0.04688913702195041
L336E,L336,0.0197503611138702,0.13220327261649095,0.1547580257294718
L336F,L336,0.6970415748660799,0.35857789044933935,0.5253214819998292
L336G,L336,0.7711472585033835,0.6117714871401736,0.4874380928509364
L336H,L336,0.3789672296978073,0.3584887652929194,0.38863903834435
L336I,L336,0.8497070117539026,2.0211972837402925,1.5076080136652938
L336K,L336,0.499203212827554,0.24591212445652785,0.182756925411618
L336M,L336,0.7361157661515056,0.31966321178294005,0.46905555550604294
L336N,L336,0.16884629427560394,-0.0938030460521442,-0.14228860494039386
L336P,L336,0.01125928044061197,-0.0875959810561326,-0.06565226194798678
L336Q,L336,0.5623752285921679,0.3688474656635285,0.5407374039373047
L336R,L336,0.00633960601083339,0.2632248870248626,0.2819497944125397
L336S,L336,0.9962292893017252,1.0568404667087032,0.753585545283061
L336T,L336,0.74961378763182,0.623535544822846,0.6375086685098055
L336V,L336,0.7069519513534555,0.7065417709532548,0.7074287610201437
L336W,L336,0.880814799680143,0.8420708558261885,0.7756099831721797
L336Y,L336,0.42960065986457535,0.6156858025770557,0.5085431972144006
M154C,M154,0.9563886676672708,0.7987221903429707,1.0407466017601448
M154D,M154,0.7968662782539437,0.6387158065352547,0.6239433723916286
M154E,M154,0.8753147170588006,1.0619507830180503,0.7508695643127228
M154F,M154,0.8502540969363881,0.6921495810581595,1.0472469854616648
M154G,M154,0.7063141570381914,0.7598163634355295,0.8704374082640556
M154H,M154,0.9140922874226268,0.918242486560502,1.0204443918541712
M154I,M154,0.8019840153766936,1.0970951597930356,1.3614369003645983
M154K,M154,0.9411624165223298,0.8125697135036887,0.6999005849925344
M154L,M154,0.9039981097310624,0.8733218062574611,0.9373665849731616
M154N,M154,1.1279165074676627,0.6887662706524083,0.2186397521444173
M154P,M154,0.956511756096518,0.8764400450047889,0.7873631588585589
M154Q,M154,0.5949168920186796,0.4889200152065723,0.4681884808367508
M154R,M154,0.7248545474376231,0.7410270612865136,0.6108626345149977
M154S,M154,0.8459006977018907,0.6889983266340227,0.6440075501087803
M154T,M154,1.3661778705916237,0.7143866773721317,0.6238936462429755
M154V,M154,0.9552033804975604,0.9706465003732356,0.7097027325942685
M154W,M154,0.6171504273735133,0.7534925219944195,0.2894343610433031
M231A,M231,0.8837481576404135,1.005778293341475,0.6082373535752685
M231C,M231,0.7534115225340434,0.48630234530175986,0.1386688062505443
M231D,M231,-0.052319407767183,-0.05158622708117275,-0.00605476500536532
M231E,M231,0.04203187062539157,-0.0933930275422868,0.27766294205734926
M231F,M231,1.1744330226641249,1.6376217970932094,1.1449905422167006
M231G,M231,0.1995376284111168,0.1405726634803826,0.15932001899875442
M231H,M231,0.243696244197834,0.40937495217315534,0.34173552263805085
M231I,M231,1.0136761562234988,1.128544390429124,0.941975831025291
M231K,M231,0.16938147538841336,-0.12126894951049,-0.03800807310935195
M231L,M231,1.1875934550623106,1.4927827315286186,1.0425363543694106
M231N,M231,0.12761837309537472,-0.19543027882186328,0.19725413700380828
M231P,M231,-0.03689114945445081,-0.16630236090649428,-0.0945322724886024
M231Q,M231,0.6358382969572796,0.2440531800616924,0.6468524788047569
M231S,M231,0.10761734091297571,-0.18244254984363703,0.10031519137589104
M231T,M231,0.7841920305523158,0.9967848953165273,0.7823572390264188
M231V,M231,0.9840846811680768,0.8392018086526546,0.7363823392467664
M231W,M231,1.2528490209473253,1.4697636230555091,0.8872428973034885
M326A,M326,1.400633795348759,2.2824935733805787,1.2436476037701294
M326C,M326,1.1533186357032854,1.369536537248604,1.475405863834761
M326D,M326,0.42245344241967664,0.6154231957367531,-0.12356922899880016
M326F,M326,0.6572946042939538,0.8134963608193596,0.36344960558500744
M326G,M326,1.0878319571184398,1.687273522275162,1.2492629845697634
M326H,M326,1.3495168501546533,1.9165516425586553,1.3913332153536488
M326I,M326,0.9895090851624024,1.618155693387838,1.3417680642720131
M326L,M326,0.8358102926545006,0.7682911069761065,0.4327356959478425
M326R,M326,1.3151767669595025,1.4939313849373848,0.30771540340187914
M326T,M326,1.293430495074792,1.7556797991022657,1.216685257206363
M326V,M326,1.146231619098748,1.536515004704292,1.3953999329043143
M326Y,M326,1.0474153143185037,1.3376207240778943,0.6751626850233875
M328A,M328,0.9248383042344284,0.6032384753837409,0.6610040469828825
M328D,M328,0.3209439468841948,0.34523080159041103,0.19061419238443575
M328E,M328,0.16936329685314505,0.7332504971355633,0.2962756536295069
M328F,M328,1.2941358475327362,1.8838802525877716,0.8161938073976902
M328G,M328,0.7572391886052333,0.7406634012470149,0.7253886639027775
M328H,M328,1.074413194356325,1.2587893380560404,0.8122530612962992
M328I,M328,1.3077084808919526,1.9648771547142645,1.0365814223442895
M328K,M328,0.2249467519062637,0.00868800067911257,0.0791283241003794
M328L,M328,1.1893370483772845,1.6809846550301817,0.9128395371967756
M328N,M328,0.5119968063340976,0.35812584940586273,0.3899687073316695
M328Q,M328,0.5247497639004483,0.31828703686235765,0.33578891040469794
M328R,M328,1.037515715186213,1.2085334532682692,1.1181125742105456
M328S,M328,0.613753898524051,0.32212463013097103,0.4892247382973813
M328T,M328,0.925510146610218,1.0539747962848305,0.9218996070050453
M328V,M328,1.2993028260527617,1.9168273913790548,1.01273357478671
M328W,M328,0.9835609037030888,1.1832351884979109,0.7576762808173427
M328Y,M328,1.3317847461586243,1.928445577981707,1.151996338979883
M340A,M340,0.7142493191167703,0.628751108818126,0.70274741254636
M340C,M340,0.7307147945878525,0.6762424215309416,0.5302139195497854
M340D,M340,0.20029513077627592,0.5336200940363396,0.2766545520714347
M340E,M340,0.5433889908700036,-0.05614014677902482,0.2194046003064676
M340F,M340,0.8255875331214245,0.7727094366005958,0.6376366355256226
M340G,M340,0.9887273661667656,1.041250051314581,0.8977150698499887
M340H,M340,0.700007865536141,0.5918743997454654,0.37095074315286575
M340I,M340,0.5681536252923703,0.3154766983383916,0.4040242536132517
M340K,M340,0.03491619571677538,0.1705973594402319,0.07666903880249924
M340L,M340,0.6931131261571317,0.5030150780981917,0.4908104581635035
M340N,M340,0.8376792412414013,0.9181528879090848,0.5802288897341888
M340P,M340,0.445210557077158,0.3139031156914098,0.35849969125839837
M340Q,M340,0.9495093693929096,0.9646641812330224,0.9214737697055
M340R,M340,0.13398561024386166,0.07537420911523914,0.05564983399253171
M340S,M340,0.9529182736091836,0.9437690966268484,0.8234685321840639
M340T,M340,0.8268146796160937,0.7886276047798375,0.7592735512047908
M340V,M340,0.6866205382681799,0.6318872552217575,0.46040398438529145
M340W,M340,1.0406978466921446,1.2518535077712318,0.6158772610409413
M340Y,M340,0.5955812529469721,0.7466887412876807,0.1973765214976544
M345A,M345,0.6652459177130552,0.2906575624217932,0.4354181180744049
M345C,M345,0.6897644217140907,0.7018918083767809,1.27394789038038
M345D,M345,0.02071392908608294,0.1403567307966123,0.21289710255680175
M345E,M345,1.0829224179792,1.326783732198864,0.628287503364232
M345F,M345,1.0791063064522597,0.8460398821471953,0.4896381700899344
M345G,M345,0.15739783121996345,1.4917259841155505e-4,-0.02617626159396512
M345H,M345,0.9288667175604431,1.0724136564153075,1.1734185827742842
M345I,M345,1.3337395383800892,1.6741746443268002,1.197549973080189
M345K,M345,0.1679839029143759,0.05312135680264172,0.195060553462158
M345L,M345,0.6430944613604533,0.717868722729735,0.36508119307670384
M345N,M345,0.4315106629079597,0.7882223294469303,0.47049323392328857
M345P,M345,0.02455284227335426,0.01815634790222455,-0.00382906469800013
M345Q,M345,1.1970798826445717,1.5531158587163052,1.3006486411023956
M345R,M345,0.13512484981206077,0.3932801349328384,0.21788958812143183
M345S,M345,0.497848023316393,0.28446439528138096,0.18083019593281963
M345T,M345,0.6525421655726861,1.4436041434099098,0.636040707355822
M345V,M345,1.1449919468824008,1.1683272670682017,1.2046332919652036
M345W,M345,0.41766832498901463,0.28438733480604866,0.3134482141945704
M345Y,M345,0.147856275496308,-0.0118276075057319,0.1458273592163747
N123A,N123,1.0167020608108135,1.0478140809252574,1.023815871805426
N123C,N123,0.9342754520453193,0.8430609502186276,0.929067765335942
N123D,N123,0.8018437539822468,0.8598506881442646,0.748507562223729
N123E,N123,0.5625601036441321,0.5207997625532977,0.655454488868178
N123F,N123,0.5515793365731374,0.42939252549209095,0.355272506443243
N123G,N123,0.926494970705548,0.767503916842212,0.7440723305033511
N123H,N123,0.5897696054187537,0.2924052444758071,0.6582511348007131
N123I,N123,0.8636043541604743,1.0889452939812287,0.7030219230434249
N123K,N123,0.8451582440127029,0.8643402251558019,0.9578054136150812
N123L,N123,0.7130682147088511,0.845807168394184,0.8488425094789528
N123M,N123,0.991883127991344,0.9520629736945524,1.000245098936059
N123P,N123,1.129049838781889,1.4864901471545289,1.3437862953631758
N123Q,N123,0.9261900035700728,0.7129192681450236,0.665447294225038
N123R,N123,-0.02416482769724913,0.5309716897651673,0.2298481679672572
N123S,N123,1.098591056931133,1.2842175183070283,1.160981173118013
N123T,N123,0.9869823725402356,1.171055377001984,1.186480490618826
N123V,N123,0.7119080578880788,0.37818031819539255,0.3909038509856604
N123W,N123,0.4938365582360326,0.14589751958102254,0.18429346553139409
N123Y,N123,0.17562917501145758,0.21408113935992187,0.10875627530122416
N168A,N168,0.7774529973146568,0.5252642790945473,0.616554828506006
N168C,N168,0.5621402300419454,0.36917419561814985,0.6304389933705212
N168D,N168,0.7250955460330624,0.5336712023909818,0.6953908995830662
N168E,N168,0.6088122528759569,0.3360764911969319,0.4340090434759442
N168F,N168,0.1386866004582624,-0.10710030878354353,0.15442793438284844
N168G,N168,0.6091939455612909,0.4478552942074503,0.33402922933866086
N168H,N168,0.7128913522276634,0.4788565166488573,0.6969659433699257
N168I,N168,0.6491804552440598,0.15211690768157174,0.34711781178885487
N168K,N168,0.4225667348431381,0.2648313315210244,0.3677270872788147
N168L,N168,0.548790333979954,0.7070132088211104,0.5481611913592415
N168M,N168,0.3866982076251381,0.00763992257401192,0.11976725690491052
N168P,N168,0.2305204024703512,0.20582054786931564,0.1420218864522354
N168Q,N168,0.6575979098946589,0.4311901637425803,0.631088191415647
N168R,N168,0.6124421561155652,0.3325194757975923,0.3634896581662427
N168S,N168,0.8488095639088769,0.7528780081793084,0.8980240801881805
N168T,N168,0.954739543451602,0.7666801986268624,0.860340846105627
N168V,N168,0.6906511853506688,0.3824166930117032,0.649174428449154
N168W,N168,0.11510300453155475,0.00868838935247414,0.01321064075063031
N168Y,N168,0.03023781641465933,0.21866581052221637,0.3042330450676759
N412A,N412,0.22400225896670592,-0.05004684579670964,0.06990719498425185
N412C,N412,0.16972960351634828,0.0657895835290356,0.2920254169220559
N412D,N412,0.47529541467928055,0.3549030441464407,0.2028744143093392
N412E,N412,0.11586396521015543,0.3999668553336918,0.22577720800698833
N412F,N412,0.27949296297678683,0.3827011790329936,0.12061804270499954
N412G,N412,0.07536667745154589,-0.1649661560497375,0.00538380241319979
N412H,N412,0.49331870272351536,0.48337140729725,0.32943593815002375
N412I,N412,0.02986214702382213,-0.03314398660985322,0.00231988732970533
N412K,N412,0.03757526414369852,-0.2372206904913607,-0.2303850527443811
N412L,N412,0.00734146009107337,-0.18771275260415196,0.12740987991732144
N412M,N412,0.0614340776517301,0.13227732327167951,0.04241283707558301
N412P,N412,0.10540136670222416,-0.02055642182753294,0.1861175225145784
N412Q,N412,0.04609425278123453,0.34359665740182455,0.229331287385534
N412R,N412,0.31244541489359284,0.1616433766157939,0.1924735887825723
N412T,N412,-0.09885511371708902,0.01947594257205473,0.01453295578185986
N412V,N412,0.10718256221112292,-0.13430399639437737,-0.04561208564635985
N412W,N412,0.14049968356420317,0.17429203359247963,0.22213833881116615
N412Y,N412,0.08494387571290893,0.01385916082852348,-0.02597097884335846
N415A,N415,0.6041932219540356,0.3992559478708706,0.5693859827619152
N415C,N415,0.48504393836224946,0.4990458121592393,0.4575109658162396
N415D,N415,0.02857340424151222,-0.22067414492749268,-0.09748755638900006
N415E,N415,0.07108281939401997,0.12791261163921125,0.08142885478091963
N415F,N415,0.02561876462440529,-0.07485831439310625,-0.05636346523658682
N415G,N415,0.8840411234667281,0.80845220599364,0.8159434408536581
N415H,N415,0.12719319383610167,0.14203859564820978,0.238373857196371
N415I,N415,0.8586768406686427,0.8828849116104981,0.6772715826849631
N415K,N415,0.0041261676661752,0.0935756051488256,0.09661436117899735
N415L,N415,0.1265864209329397,0.04839136359470829,0.1423180468866638
N415M,N415,0.4061750733328819,0.06959249760033343,0.3189946129617193
N415P,N415,0.11302165919576695,-0.03126476569925465,0.00598056200496971
N415Q,N415,0.27271513427520233,0.3504802098734758,0.22604384497372432
N415R,N415,0.03217752349486968,-0.07416872233534358,0.1034746294465872
N415S,N415,0.669238501817698,0.2879768042341872,0.5488357563020537
N415T,N415,0.5532083834184556,0.41292092057280527,0.732664124920249
N415V,N415,0.4898305769653818,0.2470113896039108,0.4534095109395261
N415Y,N415,0.213909701547476,0.05829164613957918,-0.03512018094379656
Q142A,Q142,1.3134309177156442,1.6865146289085309,1.3497146182215678
Q142C,Q142,1.3666572664819407,1.419847048028532,0.5961785132984128
Q142D,Q142,1.2872461439520635,1.8865443289391224,1.4057575637413289
Q142E,Q142,1.117724453302544,1.5789132692364174,1.3741191803512245
Q142F,Q142,0.8186425212378409,0.9243676658704308,0.6225610280820993
Q142G,Q142,0.8922600519633722,0.8267006363946313,0.8960308612636336
Q142H,Q142,1.2001505896590348,1.4129931082157896,1.2409275205159578
Q142I,Q142,1.1737815533166434,1.5684439232507483,1.2584814809162774
Q142K,Q142,1.0781365074549434,1.2953585727131696,1.3061668236189874
Q142L,Q142,0.7594036369496421,0.6581847644829232,0.9474965979908614
Q142N,Q142,0.9376340879252032,1.3703508585808608,0.8632630782889111
Q142R,Q142,0.9166838598341124,1.0289144557349783,0.751630379390635
Q142T,Q142,1.2900544988485614,1.760825461113089,1.2235955907703642
Q142V,Q142,1.1965137360267506,1.669710422513368,1.2371299661051751
Q142W,Q142,1.193819188855913,1.543522789985802,1.1118496287743909
Q142Y,Q142,1.0953086984732343,1.4931529246968658,1.352526120043349
Q247A,Q247,1.003373355549234,1.09527924529773,1.0095462747735744
Q247C,Q247,0.8082180078253779,0.7668305977177796,0.4224969056493986
Q247D,Q247,0.7555115077198836,0.9970881990531218,0.8126781362905061
Q247E,Q247,1.050729589191214,1.008333040374453,1.0562736514994109
Q247F,Q247,0.8973614551294721,0.8260226667880185,0.6166598958908649
Q247G,Q247,0.7658380043416199,0.4234896314066508,0.565222266307823
Q247I,Q247,0.8783786672288166,0.9797297510844476,0.6811178896042923
Q247L,Q247,0.35802951225309443,-0.02923607845370233,0.07272219554266754
Q247M,Q247,0.995332522534176,0.5948126632203099,1.024090999386215
Q247P,Q247,-0.05191231308665513,-0.1026761669542494,0.17650559538752755
Q247R,Q247,0.7514889461767367,1.0163273248736775,0.7650906240200112
Q247Y,Q247,0.9500114825079036,0.9577268307280878,0.9304393517126888
Q406A,Q406,0.6011344503763909,0.5760210580237833,0.6373173219033004
Q406D,Q406,1.0135987110316922,0.9462449621083698,0.9613085415005932
Q406E,Q406,1.1207628926955957,1.0764755330899665,0.8266147954921668
Q406F,Q406,0.8539195979202829,0.749569658981962,0.5752081165855079
Q406G,Q406,0.6324657138311709,0.4130368003092493,0.6889701225875099
Q406H,Q406,0.9985472640775812,1.02065283025652,0.7496125567979653
Q406I,Q406,0.5615078073716848,0.2494876411333583,0.6984813523006077
Q406K,Q406,0.9063465284109036,0.867179700910769,0.5352972593665112
Q406L,Q406,0.7271274672246877,0.6206901993718698,0.5090783371389529
Q406M,Q406,0.6280765886457382,0.4487685433280948,0.6133810468768377
Q406N,Q406,0.8126025082348828,0.7676787186290911,0.9485703862260122
Q406P,Q406,0.3135636459169988,0.27710194737078836,0.312262907730316
Q406R,Q406,0.946349630442192,0.926191235134109,0.811839613626771
Q406S,Q406,1.0015539530880964,1.0564945189392452,1.042367188656396
Q406T,Q406,1.0274238137468292,0.9659298735434588,1.002441020544216
Q406V,Q406,0.9993921522918696,0.7654718044159865,0.9810760793097636
Q406W,Q406,0.5500258323443683,0.5309172748533161,0.4000640583730561
Q406Y,Q406,0.6908216775206562,0.4926476326997813,0.3664482334037257
S129A,S129,0.8325242058577319,1.1869485924692689,0.6325653590367318
S129C,S129,0.12119691397797726,0.08852407285307724,0.04912224888203114
S129D,S129,0.5858903178695564,0.6295509967641333,0.5862800326383455
S129E,S129,0.676045948050253,1.1754671398829406,0.6000767589002624
S129F,S129,-0.0024772513620302,-0.3886083074927566,-0.07026427589451154
S129G,S129,1.1035656981409128,1.570288369291678,0.9578792205938872
S129H,S129,0.05094043042851644,0.08143957263491707,0.03583467583449514
S129I,S129,0.07608254589088975,-0.12793330250493962,-0.1012064338483115
S129L,S129,-0.01449535399830533,0.06276033162514182,0.03247970904188128
S129M,S129,0.0719007872857185,0.1511655484548444,0.1106852612511088
S129N,S129,0.10566434904421693,-0.0537098836352723,0.09970738128970304
S129P,S129,0.27994661834676815,0.16273700401041533,0.19856894623988017
S129Q,S129,0.36584374681877097,0.393636652412638,0.24363726890672097
S129R,S129,-0.10689153907643505,-0.12923247042803615,-0.11679107647119212
S129T,S129,0.8752302970877215,1.1938497963301034,0.6189874563861382
S129V,S129,0.06760917150949605,-0.1116411010799392,-0.04485670962535532
S129W,S129,0.1191616594177764,0.19160184230130972,0.13637545342738255
S129Y,S129,-0.05631768098530913,0.02433252916366642,0.04605046460010405
S444A,S444,0.9980299980857008,1.1089555319782642,1.0853350392513
S444C,S444,1.0620257092486969,1.203232202462666,1.03542464092056
S444D,S444,0.978951746675687,1.273846307906401,0.786285101294851
S444E,S444,0.9650732195236184,0.9029918067324892,0.8518596405574878
S444F,S444,0.5167170911546423,0.3981193336671523,0.40247211283574175
S444G,S444,1.1307520324753852,1.1537605118191552,1.148633826318296
S444H,S444,0.888743776649643,0.8226946647496322,0.7968343493439322
S444I,S444,0.9258256513764516,0.5617751180740955,0.7125737594664782
S444K,S444,0.9875551437852446,0.9380159055527536,0.8145741576563094
S444L,S444,0.8570912942524566,0.834806076802508,0.9043293927417302
S444M,S444,0.9340778129267984,0.9021599662312207,0.8754790626971634
S444P,S444,0.1360946538622467,0.02518103320657961,0.06809143923859437
S444Q,S444,1.0399081523234155,0.8751143305999628,1.0320598020599958
S444R,S444,0.8881313147695356,1.090968576864136,0.6863373488996236
S444T,S444,0.9151875416125972,0.9480821679937436,0.7480098151478407
S444V,S444,0.980877400333532,0.8846007672481461,0.7640620079526204
S444W,S444,0.760581287481017,0.6920559080871288,0.325652276695457
S444Y,S444,0.8388213999782674,0.7540978872153192,0.5550914209806687
S446A,S446,1.020860839255771,0.9367199461577416,0.9162931804175528
S446C,S446,1.035622893378123,1.1556595661745348,1.013240301009768
S446D,S446,0.9969520834857593,0.6983827378898251,0.7866434051222516
S446E,S446,1.0341640393703344,1.117441943659969,1.0444046701139775
S446F,S446,1.0070484482249875,0.9987644257911976,0.971181834186068
S446G,S446,0.954993909474185,0.8581760262292198,0.7589931260100999
S446H,S446,0.9052344349805698,0.8390523656306795,0.6903265253776205
S446I,S446,0.9386771009323122,0.869046016316112,0.8405570118783876
S446K,S446,0.8925360935195871,0.8945935103903869,0.7279761804140221
S446L,S446,0.8692536954644826,0.9459746720766676,0.9623511102701444
S446M,S446,1.0743226017190266,1.2237295643173003,1.0902753838503183
S446N,S446,0.8968507260541458,0.7576455037065227,0.6125556803393791
S446P,S446,0.4366491163474431,0.1933934180538363,0.21509898976246455
S446Q,S446,1.040384911727387,1.1057191541150828,1.0799668415817585
S446R,S446,0.9112382236589368,1.1973486272825962,1.3770589081486195
S446T,S446,1.0341625838022306,1.1839689848594164,1.0854514690342376
S446V,S446,0.9690043185182272,0.9536646411524116,1.0577737819622122
S446Y,S446,1.039865396345023,1.0066606767751851,1.1115213486478197
T91A,T91,0.864218248499308,1.009753301045767,0.4549107708078777
T91C,T91,1.0589559825968364,1.0008823532063773,0.9619504533806096
T91D,T91,0.948528733813858,0.8409030981104159,0.808607515090687
T91E,T91,0.981673091376856,0.8951060725785409,0.850961334222132
T91F,T91,0.9769419857415886,1.0781514139040862,0.8817137181765367
T91G,T91,0.9309096674837384,1.0506201550848266,0.9175077929446416
T91H,T91,1.0717002713095394,1.025547855442218,1.245691997034598
T91I,T91,0.809845330995889,0.914799110185733,0.8837134485021574
T91K,T91,0.997322238425024,1.055509081303325,1.1316565914280228
T91L,T91,0.9418145646181963,0.8623726214237495,0.9475932930806936
T91M,T91,0.9292676753057464,0.9991563948277008,0.9087977828448384
T91N,T91,0.9054848577176688,0.847904691936498,0.8001103927355472
T91P,T91,0.956508597315159,0.8506195216108843,0.8275692578322539
T91Q,T91,0.8796236482682922,0.7905281239210232,0.8741834246801201
T91R,T91,0.9599774563321616,1.019463834698221,1.0690637780279162
T91S,T91,0.870121410271187,0.6362819198699994,0.6065778921501445
T91V,T91,0.9652849984361952,0.970708166690916,0.9885641109618696
T91W,T91,0.990381000234042,0.9575115948469168,0.8381134713547317
T91Y,T91,0.9344165635025752,0.929425644169822,0.9158574638040544
V106A,V106,1.031897071859455,1.0587727627949892,1.0515178680185258
V106C,V106,0.8127956920466104,0.7733307155457265,1.0330192891257253
V106D,V106,0.01193632884978146,-0.04754993467872411,0.03776793564879918
V106E,V106,0.05592447848763422,0.36689404310547746,0.4049042166309499
V106F,V106,0.3887902620890682,0.42681254597636303,0.5320881255785792
V106G,V106,0.02299832345422661,-0.0503630998294954,0.08977394337873557
V106H,V106,0.0378128112225466,-0.15425514593575818,-0.04818514911969293
V106I,V106,0.5807636587508405,0.45301605713078896,0.5991364693516071
V106K,V106,0.48310324898968193,0.36213785121172026,0.3304119465299589
V106L,V106,0.6114020305737748,0.4493078322359064,0.6858054720938529
V106M,V106,0.41280961570768754,0.2270906133166832,0.6519436186829765
V106N,V106,0.08403251738600646,0.0169869163197432,0.06640834911150031
V106P,V106,-0.06778876081067003,-0.1519625868165654,0.00579478491645557
V106Q,V106,-0.1652428136609808,-0.05597887032105667,0.1260418660117155
V106R,V106,0.08777911194667139,-0.06338213007979297,-0.09447669805960925
V106T,V106,0.7635064464927969,0.5818892895183624,0.5735685351094242
V106W,V106,0.9088756152921036,0.8764742174999129,1.178004607326964
V106Y,V106,-0.19655307946466832,0.21960286762441164,0.02407100806937744
V156A,V156,0.8914810873882608,0.5424656985942483,0.3641232153962214
V156C,V156,0.9774176886728698,0.9390917655952336,0.9845883020215954
V156D,V156,-0.10291271884059112,0.16230167580277588,0.2979304236992847
V156E,V156,1.0596419368003716,1.274800380025749,0.8194320405563508
V156F,V156,0.4176063546554107,0.2137530266567536,0.06673777665090953
V156G,V156,0.34469524845339783,0.15232289064980992,0.3886171503649001
V156H,V156,0.7648964898952488,0.3365324749827674,0.37049398931118505
V156I,V156,1.1575290834646623,1.1036156383004552,1.0554414489163235
V156L,V156,0.7724768968690653,0.8757396694617553,0.7702025191531455
V156M,V156,1.1859797929669045,1.236102420771684,1.1032422072023125
V156N,V156,0.2009463094585605,0.09957431156087518,0.1983680392948443
V156Q,V156,0.6376015191475544,0.6061474931084031,0.3603045182154201
V156R,V156,-0.2666365689173555,0.13849871243268636,0.10668540193291202
V156S,V156,0.20936158309163608,0.08531886800445855,0.2843435915369995
V156T,V156,0.6881466194805532,0.8507556441648952,0.10598845215999728
V156W,V156,0.2771863846652386,-0.2755050824508136,-0.1394916027197356
V229A,V229,0.9583195901646838,0.8333760432540455,0.8669020666804598
V229D,V229,1.0340798373277165,0.9917492025687236,0.9321994956526642
V229E,V229,0.9183515831656314,0.8614562544953033,1.1473595201484634
V229F,V229,0.941854648560308,0.9271986170805606,0.7588761733862083
V229G,V229,0.8188219732551303,0.8265859121862634,0.6731911951999979
V229H,V229,0.7958715924787633,0.660444684290977,0.6627705216645268
V229I,V229,0.8748505491955048,0.9288656345736988,0.7359918129796317
V229K,V229,1.0194133987283545,0.984836672703173,0.8595393303256433
V229L,V229,0.9100874526175936,1.0235774990644964,0.7814704315855046
V229M,V229,0.8683404186512316,0.8234847540988006,0.8049316761158186
V229N,V229,0.8746281061391702,0.7784903369059071,0.885092932105424
V229P,V229,0.26931966387451467,0.4153004325004468,0.26800830417836213
V229Q,V229,1.0207742301930394,0.8975998596190983,0.6943696911597924
V229R,V229,0.9385229611956049,0.8201142957954015,0.9638080250072693
V229S,V229,1.1232993354375111,0.927327537031999,1.18851977167397
V229T,V229,1.1413671019048113,1.1810219683053986,0.9116848403971588
V229W,V229,0.9283048682218784,0.8035600780465767,0.7618771001857794
V270A,V270,1.2536659377285009,1.018148927087764,0.9937114822117356
V270C,V270,1.139272752327426,1.281169399943981,1.0090390632975987
V270D,V270,0.08245653674062633,0.03140052890357704,-0.09890620725978044
V270E,V270,0.05686859911845921,-0.10670972866298184,-0.02629150829143218
V270F,V270,0.986296092459045,1.3313273304545068,0.7521966135167565
V270G,V270,0.1628642293921817,0.08152784666291533,-0.13347046727048614
V270H,V270,0.5949547800211824,0.4067846636733115,0.31058573890985713
V270I,V270,0.8854605659440977,0.8829903743852223,0.7826211214810131
V270K,V270,0.1216057755938635,-0.02486814282492183,0.08233807154720821
V270L,V270,1.3404914666805687,1.8670964865975292,1.2169381071855387
V270M,V270,1.2167069834318402,1.6128421637572317,1.173930143770137
V270N,V270,0.2120580612199173,0.7216279239097253,0.7332136964891114
V270P,V270,0.15687126251336325,0.13404821418044893,0.05214483284976751
V270Q,V270,0.1433336712360036,-0.02270962958350028,0.04286878833898577
V270R,V270,0.06898344594357647,-0.04471316599966906,-0.09257504633075742
V270S,V270,0.11326700361635664,0.09270046406597655,0.19342673156946577
V270T,V270,0.96673869571615,0.9701505454636028,0.8248222303962791
V270W,V270,-0.03123122253041337,-0.03001704293003895,0.11135336045569937
V270Y,V270,1.0346327428028206,1.5151486281553987,0.8595495908360845
V337A,V337,0.324300277683557,0.13907928476819734,0.24913477093019556
V337C,V337,0.5467428045699219,-0.08143606890488352,0.4762843629374527
V337E,V337,0.6845397116528407,0.5134685891313567,0.3816607519448453
V337F,V337,0.6618937126243755,0.4026593437219328,0.4457261194703898
V337G,V337,0.47746328986518577,0.19575279689945593,0.5957391933569951
V337H,V337,1.2122146815662995,1.100050658260081,0.49294025743938175
V337I,V337,1.0538617924700415,1.2584616759111769,0.9552820355326752
V337K,V337,-0.08120488893348549,-0.2873741848658624,-0.04282154849282316
V337L,V337,1.1435414184182715,1.0542198838928711,0.9436254562491057
V337M,V337,0.877486752682926,0.9897111150517006,0.9986738765315764
V337N,V337,0.7587332865224043,0.682864163151299,0.37294649965301807
V337P,V337,0.03840322724324987,0.03387818844535383,0.01211455392785901
V337Q,V337,0.775706397990934,0.5386303990401016,0.2781089798210542
V337R,V337,0.6247279537352498,0.5834754136656369,0.6871380025554319
V337S,V337,0.414969394865061,0.2808718426217933,0.3524747687922531
V337T,V337,0.5136754915445537,0.0090482606141763,0.1154433647540892
V337W,V337,0.35188936780038954,0.17594275318707786,0.26839296042576816
V337Y,V337,0.64328599382221,0.5430238472891518,0.5014851895184411
V98C,V98,1.0330848109437414,1.2067317357546197,1.0952051891633858
V98D,V98,1.2963712466754809,1.5423492942398316,1.1885667721580049
V98E,V98,1.212781061476864,1.4882214178526016,1.077539403960246
V98F,V98,1.2920474877657122,1.2276215534012749,0.9091537915621284
V98G,V98,1.148104398480614,1.3508372867057543,0.8702762210358503
V98H,V98,1.118971916366618,1.2047485156740294,1.0137133776596106
V98I,V98,1.039115695202062,0.8992552247837787,1.1863692610009082
V98K,V98,1.0128081132498448,0.9405526296760915,0.9698263148075787
V98L,V98,0.9658887060842928,1.0218493901117962,0.8952985331052027
V98M,V98,1.1421543809234644,1.2946793373687373,1.15982266042456
V98N,V98,1.0712355190334053,2.3500476961358387,1.5588794565587312
V98P,V98,1.036717244287534,1.1877723837390737,0.8362353964656096
V98Q,V98,1.2047916697017376,1.5861105727813212,1.2334988348139144
V98R,V98,1.4577376118213508,1.474671554878099,0.3110475610193225
V98S,V98,0.9561476530648916,1.1153837668133293,0.8493774222654996
V98T,V98,1.1609164215243015,0.9945622936592904,1.580322069439521
V98W,V98,1.1057676533877785,1.2971802350760464,0.9490255687613608
V98Y,V98,1.0788736918981523,1.2742045371527335,1.1477916803460275
W128A,W128,1.1922820448419422,1.667344744691556,1.208293279991704
W128C,W128,1.169175313427263,1.7751768991324477,1.0989886553609909
W128D,W128,0.6302826264951616,0.7358062854557248,0.33606723706591973
W128F,W128,0.8131501535007463,1.2248893370959444,0.9637913326267016
W128G,W128,1.1850118563651193,1.6729192991661053,1.035298081720292
W128H,W128,0.8222563735437769,0.923019081691083,0.9102791294197428
W128I,W128,1.4238881698764374,1.9782912991373935,1.3891374180991616
W128K,W128,1.431528626021971,1.9166744262321216,1.3666353081155724
W128L,W128,0.9866951943322152,1.6457688826266808,0.8729748031130494
W128M,W128,1.277020300040821,1.9380276680288329,0.8197357256393706
W128N,W128,1.2220711769338954,1.633893739442105,0.8104521618435997
W128P,W128,-0.02382919369913383,0.15621177330537322,0.01774259023081072
W128Q,W128,1.0844249828993655,1.6622936034699414,0.9723088664131274
W128S,W128,0.8064366932708882,1.4727406600521884,0.6104574322183206
W128T,W128,1.0447274043620278,1.2266607783222847,0.617797250445124
W128V,W128,1.0783648548609048,1.280524151358053,1.0436947737709044
W128Y,W128,0.645762066781031,0.5406938657131628,0.6723584701486386
Y259A,Y259,0.9463839375517428,1.0807185676668096,0.9456416039232858
Y259C,Y259,1.1577268255178197,1.1693274087158008,1.1231192919827166
Y259D,Y259,1.066606665896996,1.141201784817765,0.9292656880512976
Y259E,Y259,0.518417122823605,0.5601427751210724,0.9425294841102252
Y259F,Y259,0.8275913534134152,0.9055274946998024,0.9929238084094668
Y259G,Y259,0.9091794536419012,1.1048674376558507,1.1356776320213644
Y259H,Y259,0.7342154310192458,0.4706481960553321,0.4195097509025169
Y259I,Y259,0.7128479294555818,0.5198208414932599,0.6013889563210776
Y259K,Y259,0.44773148422702896,0.01329641830026383,0.05651658044723422
Y259L,Y259,0.7111940171141778,0.3668895850087735,0.73347962724907
Y259M,Y259,0.7774551313210466,0.7098186783277124,0.9586879360681096
Y259N,Y259,0.892229714258746,1.118245515789032,1.3416212403773984
Y259Q,Y259,0.813498553637272,1.02527971945705,0.6024103685455469
Y259R,Y259,0.43352184253974346,0.13147947254195355,0.06917924844097445
Y259S,Y259,1.1576609108418414,1.173325077078729,1.1763396052993016
Y259T,Y259,0.6583501730584911,0.4419634879697024,0.35184966795666445
Y259V,Y259,0.6860464312439019,0.8889163507636892,0.6281291916268306
Y259W,Y259,1.0370889851401115,1.0426028724247094,0.9277701775906736
Y322A,Y322,1.276744919511425,1.84988946999346,1.13278603809892
Y322C,Y322,1.0420196410608744,1.2596854068683416,0.3754671690183006
Y322D,Y322,0.17551774805718348,-0.13781082899292207,-0.10417449921865998
Y322E,Y322,-0.1196530937329254,-0.1393957247706896,0.2450640531346848
Y322F,Y322,0.8812145621441717,1.4923218088446732,0.4461949656865268
Y322G,Y322,1.2321741608405796,1.8956963789091503,1.0653028423972333
Y322H,Y322,1.2985581758937732,1.913852312466203,0.7443358258857445
Y322I,Y322,0.7773020054832973,0.9007027324540017,0.4187105133580218
Y322K,Y322,0.9499154070230006,1.204533953310161,0.5929199898639642
Y322L,Y322,1.0224714969412656,1.3376605832363613,0.5822322042297636
Y322M,Y322,1.197688351385308,1.8883205044390885,0.948430631588042
Y322N,Y322,0.7301121740457646,0.7531256030976172,0.33580315713409026
Y322P,Y322,0.4233546806481675,0.3257315379708663,0.1688216715612349
Y322Q,Y322,1.1794520632470995,1.5983374783920312,0.6074928612335826
Y322R,Y322,1.1558271020459323,1.6215748479890093,1.049612720174433
Y322S,Y322,1.1642755521931734,1.7454346751811043,0.8307734503760658
Y322T,Y322,0.8723076337550519,1.1053029151444442,0.34654200663214557
Y322V,Y322,0.7480252974883694,0.834169168955214,0.19883111576991733
Y322W,Y322,0.4685004756893978,0.5201389484695961,0.2872646956482437
Y333A,Y333,0.9722247992727544,0.9238612607500116,0.9316067142030958
Y333C,Y333,1.0853655910307785,1.2155677731053305,0.8883220073339786
Y333D,Y333,0.40499496295640497,0.26744801563236525,0.4020617121489795
Y333E,Y333,0.9366106308579516,0.8270696902260725,0.7983132157576289
Y333F,Y333,0.905716547087743,0.9896656701219576,1.007711520063213
Y333H,Y333,0.5746241852614644,0.24210543889442265,0.5536640330938266
Y333I,Y333,1.0945963713757645,1.443913042935454,1.062608316189465
Y333K,Y333,0.8905692023046439,0.9855955542317696,0.8928880435365455
Y333L,Y333,0.953603328396132,0.9222116251457556,0.8894775937551678
Y333M,Y333,0.9121233294708394,1.1059074103078266,0.8952305117027597
Y333N,Y333,0.7649998060200113,0.6280370945386023,0.5097371273787902
Y333P,Y333,-0.02163397425488578,-0.00249345990505994,0.03833896651153414
Y333Q,Y333,1.0067974682267595,1.215153430457255,0.9210424925337292
Y333R,Y333,0.1386831334929952,0.22204094211559355,0.22277447164520203
Y333S,Y333,1.0488818345371551,0.996512510140482,0.7816741892785268
Y333T,Y333,1.251134903587198,1.9498082097883709,1.1039277783424684
Y333V,Y333,1.213621843911722,1.7748793513511991,1.249385254790528
Y333W,Y333,1.149985649841308,1.3643725058547485,1.0641562736432195
Y379A,Y379,0.6582883593253438,0.6082418918596293,0.7092754450592829
Y379C,Y379,0.9321770938940924,0.7799958545027609,0.7410223388763513
Y379D,Y379,0.6346181257238738,0.48365553408592266,0.4836459713003256
Y379E,Y379,0.6556513747969874,0.5756369862600195,0.6892231486191349
Y379F,Y379,0.728792755260408,0.6977122282931358,0.540980686872968
Y379G,Y379,0.26936408193866107,1.540110546527797,0.5506254016524669
Y379H,Y379,0.8597672764109858,0.7666503043585643,0.8674441898044888
Y379I,Y379,0.8721869449127787,0.8072313341636357,0.7667135735039116
Y379K,Y379,0.9251570260171575,0.8174086524761285,0.6286165309653979
Y379L,Y379,0.9287223918742004,0.9080720901111238,0.892783118065564
Y379M,Y379,0.7672170562681678,0.6609297438748839,0.5874782915199189
Y379N,Y379,0.8121350702280759,0.984841780899852,1.0091668559711608
Y379P,Y379,0.5740530128805844,0.3131964562584371,0.4752871463402897
Y379Q,Y379,0.8453833106130872,0.5024354988603513,0.6968867571620163
Y379R,Y379,0.9436256073358198,0.8211978198618598,0.8545944344453548
Y379S,Y379,0.8053795549117752,0.7840669725358949,1.0775014345724048
Y379T,Y379,0.8583132243302981,0.8348825678804895,0.8840754427043243
Y379V,Y379,0.783894116508511,0.7303897379381495,0.78463129558543
