aa_pos	baseAA	absSAS	relSAS
M1	M15	109.6450852236774	0.4894869876057027
D2	D16	71.55241709545074	0.3707379124116618
Q3	Q17	9.42477173956388	0.041887874398061686
S4	S18	12.458255468129252	0.08037584172986614
N5	N19	148.32705903106427	0.7606515847746885
R6	R20	39.28461661777497	0.1433745132035583
Y7	Y21	1.6854713912114505	0.006408636468484602
A8	A22	25.81555342584177	0.20012056919257187
N9	N23	49.1013747474016	0.25180192178154664
L10	L24	95.53283748696225	0.4752877486913545
N11	N25	138.2320475240221	0.7088822949949851
L12	L26	42.11474534347347	0.20952609623618643
K13	K27	132.39172113671944	0.5609818692233874
E14	E28	43.279714088688515	0.19407943537528483
E15	E29	101.65133254283253	0.4558355719409531
D16	D30	58.495828106855335	0.3030871922634991
L17	L31	8.389005665618953	0.04173634659511917
I18	I32	81.2072395449528	0.41221949007590253
K19	K33	166.79088697166554	0.7067410464901083
N20	N34	79.6575254220776	0.4085001303696287
G21	G35	19.175052595104788	0.1843755057221614
K22	K36	116.7305772985321	0.49462109024801737
H23	H37	27.529262496278356	0.12289849328695694
L24	L38	2.203923664304128	0.01096479434977178
L25	L39	0.1684690607137469	0.0008381545309141637
V26	V40	0.19578154292388206	0.001125181281171736
A27	A41	-1.4210854715202004e-14	-1.1016166445893026e-16
Y28	Y42	1.1136906762358194	0.004234565308881443
K29	K43	46.09711974883926	0.19532677859677652
L30	L44	1.173489192256838	0.005838254687844965
I31	I45	7.830162136912492	0.03974701592341366
P32	P46	-1.4210854715202004e-14	-8.937644474969814e-17
A33	A47	14.076542241480375	0.10912048249209594
K34	K48	186.6431263465616	0.7908607048583118
G35	G49	80.81554202152994	0.7770725194377879
H36	H50	72.20241167171218	0.3223321949630008
G37	G51	28.444898138118333	0.2735086359434455
F38	F52	16.22006385665769	0.06758359940274036
L39	L53	77.64195271823894	0.38627837173253204
E40	E54	65.32050080597378	0.2929170439729766
V41	V55	2.054676455769439	0.01180848537798528
A42	A56	1.9515017875227159	0.015127920833509426
A43	A57	0.5858327585334564	0.004541339213437646
H44	H58	6.478529780225912	0.028922007947437108
V45	V59	4.31448435056852	0.024795887072232875
A46	A60	-1.4210854715202004e-14	-1.1016166445893026e-16
A47	A61	0.6864427057978872	0.00532126128525494
E48	E62	27.51560404024424	0.12338835892486207
S49	S63	-1.4210854715202004e-14	-9.168293364646454e-17
S50	S64	19.454660082172666	0.1255139360140172
T51	T65	42.52628486054324	0.2472458422124607
G52	G66	28.63765145329583	0.2753620332047676
T53	T67	60.6651482507393	0.3527043502949959
N54	N68	95.04018167536381	0.48738554705314774
V55	V69	79.47099657296356	0.4567298653618595
E56	E70	96.62815706110541	0.4333101213502485
V57	V71	70.10759590447884	0.40291721784183243
S58	S72	126.54937620807472	0.8164475884391917
T59	T73	118.58342339031276	0.6894385080832137
T60	T74	19.9095639317281	0.1157532786728378
D61	D75	68.50480326296085	0.35494716716560026
D62	D76	115.00423387501561	0.5958768594560394
F63	F77	146.10845016148446	0.6087852090061853
T64	T78	36.51450655619688	0.2122936427685865
R65	R79	117.11646137448392	0.427432340782788
G66	G80	57.5260183706721	0.5531347920256933
V67	V81	19.878076189101655	0.11424181717874514
D68	D82	4.81560058190837	0.02495129835185684
A69	A83	-1.4210854715202004e-14	-1.1016166445893026e-16
L70	L84	42.07267312066587	0.20931678169485507
V71	V85	2.0724838395603484	0.011910826664139933
Y72	Y86	10.96374084230942	0.04168722753729818
E73	E87	58.74853203266565	0.26344633198504774
I74	I88	54.33766607921399	0.27582571613814205
D75	D89	58.58548092701642	0.3035517146477535
E76	E90	73.36744325605808	0.32900198769532774
T77	T91	119.074496001347	0.6922935814031802
A78	A92	40.11057691295791	0.3109347047516117
F79	F93	73.17109775576162	0.3048795739823401
G80	G94	42.925214090418486	0.41274244317710085
D81	D95	80.99889710766921	0.4196834047029493
D82	D96	92.14471590043924	0.47743376114217223
P83	P97	113.43705522994182	0.7134405989304516
V84	V98	124.04367940809729	0.7128947092419384
K85	K99	16.520091906264597	0.07000038943332457
G86	G100	0.7790523536441327	0.007490888015808968
G87	G101	0.4655715456533187	0.004476649477435757
G88	G102	-1.4210854715202004e-14	-1.3664283380001927e-16
L89	L103	10.453277529094024	0.05200635586613942
F90	F104	4.380475633236941	0.01825198180515392
K91	K105	12.689394688416627	0.0537686215610874
V92	V106	1.8116488023352417	0.010411774726064608
A93	A107	3.684117085093419	0.028559047171266814
Y94	Y108	-1.4210854715202004e-14	-5.40336681186388e-17
P95	P109	19.54547530998895	0.12292751767288648
V96	V110	4.079998741331295	0.023448268628340773
E97	E111	123.57424847192001	0.5541446119817041
L98	L112	36.62962772605856	0.18223695386098784
F99	F113	8.31433574808608	0.034643065617025334
D100	D114	52.49320370128942	0.27198551140564464
P101	P115	68.4209842974885	0.43032065595904717
N102	N116	34.29210940691139	0.17585697131749434
L103	L117	180.55022660278917	0.8982598338447222
T104	T118	138.2339707887525	0.8036858766787935
D105	D119	62.01925590973744	0.3213432948691059
G106	G120	31.78924414538735	0.305665809090263
T107	T121	13.523746208938192	0.07862643144731507
Y108	Y122	21.39115409514565	0.08133518667355762
N109	N123	31.137027018805867	0.1596770616349019
I110	I124	12.90174177524733	0.06549107500125549
S111	S125	53.62024737464537	0.34593707983642175
H112	H126	99.15095079825016	0.442638173206474
M113	M127	14.485031304452306	0.0646653183234478
W114	W128	107.19597454351742	0.3761262264684822
S115	S129	59.50208028626616	0.3838843889436526
L116	L130	27.19159716922921	0.13528157795636422
I117	I131	9.53329602618112	0.04839236561513258
L118	L132	7.622253561742511	0.03792165951115677
G119	G133	24.025398640552623	0.23101344846685215
N120	N134	90.61845427154907	0.46471002190537986
N121	N135	0.0499087619232057	0.0002559423688369523
Q122	Q136	40.09934524319533	0.17821931219197926
G123	G137	71.47550875746069	0.6872645072832758
M124	M138	37.82464888177833	0.16886003965079613
G125	G139	70.61958228078669	0.6790344450075643
D126	D140	33.639691050649986	0.17429891736088077
H127	H141	16.575633940800586	0.07399836580714547
Q128	Q142	100.09578544995709	0.44487015755536485
G129	G143	-1.4210854715202004e-14	-1.3664283380001927e-16
L130	L144	0.5303017462053674	0.0026383171453003354
R131	R145	11.694215536961167	0.04267961874803346
M132	M146	5.4300387538972785	0.024241244437041422
L133	L147	19.63480441930364	0.09768559412588876
D134	D148	-4.263256414560601e-14	-2.208941147440726e-16
F135	F149	5.9105778415848675	0.02462740767327028
L136	L150	9.412070459357423	0.04682622119083295
V137	V151	0.07957541426762305	0.00045732996705530484
P138	P152	5.845262434987518	0.03676265682382087
E139	E153	70.34028131444572	0.31542727046836644
M140	M154	90.71787615332505	0.4049905185416297
M141	M155	0.0	0.0
V142	V156	4.515251561388382	0.02594972161717461
R143	R157	163.65418997071063	0.5972780655865352
K144	K158	100.16021928685927	0.424407708842624
F145	F159	14.160590944424555	0.05900246226843565
D146	D160	43.16044571847927	0.2236292524273537
G147	G161	2.666936871482392	0.02564362376425377
P148	P162	5.62726858569782	0.03539162632514352
S149	S163	29.530002406629222	0.1905161445588982
A150	A164	0.7712866232719904	0.005978966071875895
N151	N165	18.039980291105643	0.0925127194415674
I152	I166	10.75827910545911	0.05461055383481782
S153	S167	34.54722403262109	0.22288531633949088
N154	N168	54.820376646711374	0.2811301366498019
L155	L169	4.2307564473788375	0.021048539539198198
W156	W170	9.115893941823757	0.03198559277832897
K157	K171	133.5022143944389	0.5656873491289784
V158	V172	37.7523304551914	0.21696741640914596
L159	L173	23.696721645365884	0.11789413753913375
G160	G174	71.4540031569143	0.6870577226626374
R161	R175	71.75608964338754	0.26188353884448007
P162	P176	69.80179940004274	0.4390050276732248
E163	E177	86.26434370712754	0.3868356220050562
T164	T178	104.03443356449583	0.6048513579331153
D165	D179	113.40825422269913	0.587607534832638
G166	G180	13.203126528928891	0.12695313970123934
G167	G181	12.04646493087725	0.1158313935661274
Y168	Y182	12.915647112697414	0.0491089243828799
I169	I183	-1.4210854715202004e-14	-7.21363183512792e-17
A170	A184	11.739563296622492	0.09100436664048443
G171	G185	-1.4210854715202004e-14	-1.3664283380001927e-16
T172	T186	-1.4210854715202004e-14	-8.26212483441977e-17
I173	I187	0.6555230040946185	0.0033275279395665915
I174	I188	0.1187435693683625	0.0006027592353723985
K175	K189	34.948102523898385	0.1480851801860101
P176	P190	72.78676155883502	0.45777837458386805
K177	K191	90.64668003560918	0.3840961018458016
L178	L192	76.257349023794	0.3793897961382786
G179	G193	51.04097031578372	0.4907785607286896
L180	L194	33.18517011132546	0.1651003488125645
R181	R195	169.17044553818295	0.6174103851758501
P182	P196	20.515294145731858	0.12902700720586074
E183	E197	109.66557740794883	0.49177388972174363
P184	P198	58.65090480799247	0.3688736151446067
F185	F199	6.337398504897635	0.026405827103740145
A186	A200	9.122822432918227	0.07071955374355214
K187	K201	123.30158284418052	0.5224643340855106
A188	A202	14.835554778890227	0.11500430061155215
C189	C203	0.0	0.0
Y190	Y204	69.13970129228022	0.26288859806950654
D191	D205	49.586896917116874	0.2569269270316937
F192	F206	-1.4210854715202004e-14	-5.921189464667501e-17
W193	W207	-1.4210854715202004e-14	-4.9862648123515803e-17
L194	L208	64.50476112690163	0.32091920958657527
G195	G209	15.867998499847317	0.15257690865237805
G196	G210	4.938017017035179	0.04748093285610749
D197	D211	18.96445032749773	0.09826140066061
F198	F212	0.11669366324497332	0.00048622359685405553
I199	I213	-1.4210854715202004e-14	-7.21363183512792e-17
K200	K214	1.0649615751660662	0.00451254904731384
N201	N215	1.538816656853669	0.007891367471044457
D202	D216	0.38805907383077454	0.002010668776325257
E203	E217	32.06748542586985	0.14380038307564955
P204	P218	49.81734603766175	0.3133166417463003
Q205	Q219	8.021082502083715	0.03564925556481651
A206	A220	7.333502040910702	0.05684885303031552
N207	N221	75.47269615413033	0.3870394674570786
Q208	Q222	36.22547260231205	0.16100210045472024
P209	P223	136.32200857462817	0.857371123110869
F210	F224	86.420572348693	0.36008571811955414
C211	C225	8.53910058988744	0.051132338861601435
P212	P226	46.8745378597073	0.2948084142119956
M213	M227	12.076863474279193	0.05391456908160354
E214	E228	117.9252924129115	0.5288129704614866
V215	V229	70.50055267867302	0.4051755901073162
V216	V230	5.2092040834768625	0.029937954502740588
M217	M231	0.6225608571289314	0.002779289540754158
P218	P232	28.6135035717072	0.17995914196042262
K219	K233	80.47145189707835	0.34098072837745064
V220	V234	0.18469448225754093	0.0010614625417100054
A221	A235	-1.4210854715202004e-14	-1.1016166445893026e-16
E222	E236	38.73657914585725	0.1737066329410639
A223	A237	0.0058543666182799825	4.538268696341072e-05
M224	M238	0.126866863541224	0.0005663699265233214
D225	D239	44.034753643142366	0.22815934530125578
R226	R240	125.26214740749556	0.4571611219251663
A227	A241	-1.4210854715202004e-14	-1.1016166445893026e-16
Q228	Q242	27.542938360619203	0.12241305938052979
Q229	Q243	138.72803674162452	0.6165690521849979
A230	A244	62.549576127471695	0.48488043509667983
T231	T245	45.3415065509446	0.26361341017991047
G232	G246	72.30285210105086	0.6952197317408737
Q233	Q247	102.45265571042843	0.455345136490793
A234	A248	23.57053393075281	0.18271731729265744
K235	K249	3.695701891258551	0.015659753776519285
L236	L250	0.4529503795733376	0.0022534844754892418
F237	F251	6.899515294378489e-05	2.87479803932437e-07
S238	S252	-1.4210854715202004e-14	-9.168293364646454e-17
A239	A253	-1.4210854715202004e-14	-1.1016166445893026e-16
N240	N254	3.09783533813264	0.015886335067346873
I241	I255	0.8054754723042237	0.004088707981239714
T242	T256	28.21905972909299	0.16406430075054065
A243	A257	13.060194974858668	0.1012418215105323
D244	D258	160.28899525244242	0.8305129287691317
Y245	Y259	124.21875990284953	0.47231467643669023
Y246	Y260	112.66389651305332	0.42837983465039287
K247	K261	120.87649469700835	0.5121885368517303
E248	E262	69.46380495902825	0.31149688322434194
M249	M263	6.200861761209254	0.027682418576827024
I250	I264	36.61166361636255	0.18584600820488603
H251	H265	119.61856959269673	0.5340114713959675
R252	R266	26.522118391411738	0.0967960525234005
G253	G267	-1.4210854715202004e-14	-1.3664283380001927e-16
D254	D268	77.79701392840398	0.40309333641660094
F255	F269	44.31535158473024	0.18464729826970933
V256	V270	0.03639158117103136	0.00020914701822431818
L257	L271	37.2382333238148	0.18526484240703878
E258	E272	103.43210226869252	0.4638210864066929
T259	T273	2.8399130864766278	0.016511122595794347
F260	F274	-1.4210854715202004e-14	-5.921189464667501e-17
A261	A275	53.2266245549012	0.4126094926736527
K262	K276	149.60433254057912	0.6339166633075387
Y263	Y277	53.77672163928516	0.2044742267653428
N264	N278	139.28148052865038	0.7142640027110275
S265	S279	0.44334824970459863	0.0028603112884167652
A266	A280	30.133843052524853	0.23359568257771204
S267	S281	75.88721320510352	0.4895949239038937
H268	H282	24.200297897922937	0.10803704418715597
V269	V283	2.907317313303821	0.01670872019140127
A270	A284	0.583653610644447	0.004524446594143
F271	F285	1.766174927068576	0.007359062196119067
L272	L286	0.6226993386391086	0.003098006659896063
V273	V287	0.3544305290535448	0.0020369570635261195
D274	D288	4.092383505807348	0.021204059615582114
G275	G289	2.4631508912877393	0.02368414318545903
F276	F290	52.97658841884344	0.22073578507851435
V277	V291	103.22040827287111	0.5932207372004087
T278	T292	31.517744822450453	0.1832427024561073
G279	G293	13.87872539278414	0.13344928262292444
P280	P294	29.27483881532121	0.18411848311522774
A281	A295	71.48988730697518	0.5541851729222882
G282	G296	0.7508477685568664	0.0072196900822775615
V283	V297	0.5766322662404946	0.0033139785416120377
T284	T298	38.058636096523244	0.22127114009606538
T285	T299	30.12378434754305	0.17513828109036658
A286	A300	1.2754755468236425	0.009887407339718159
R287	R301	32.166900501733785	0.11739744708661966
R288	R302	83.35343494597828	0.3042096165911616
E289	E303	99.20375121816558	0.44485987093347795
F290	F304	15.533552273727494	0.06472313447386456
P291	P305	56.80577204070062	0.3572690065452869
D292	D306	118.77566892538998	0.6154179737066838
T293	T307	16.002935405267735	0.09304032212364963
F294	F308	4.220455242589381	0.017585230177455755
L295	L309	5.204280749664974	0.025891944028183952
H296	H310	0.037702022057757745	0.0001683125984721328
F297	F311	3.9515488167436956	0.016464786736432067
H298	H312	0.9489133092769606	0.004236220130700717
R299	R313	4.562700929987045	0.0166521931751352
A300	A314	30.85651525119672	0.2391977926449358
G301	G315	48.16029198070435	0.46307973058369567
H302	H316	14.846120347114592	0.06627732297819014
G303	G317	29.833253089205435	0.28685820278082147
A304	A318	79.87109473961365	0.6191557731752997
V305	V319	41.52850251946835	0.2386695547095882
T306	T320	5.0456042082401495	0.02933490818744273
S307	S321	1.3315891915957394	0.008590898010295092
Y308	Y322	149.04208928723048	0.5666999592670361
K309	K323	146.1082117871988	0.619102592318639
S310	S324	17.793027271792127	0.11479372433414275
P311	P325	50.585343189212544	0.3181468125107707
M312	M326	69.69517394781259	0.3111391694098776
G313	G327	8.107070540175613	0.07795260134784243
M314	M328	10.943492382507557	0.04885487670762302
D315	D329	12.14170414054017	0.06291038414787653
P316	P330	6.495394840462993	0.04085153987712574
L317	L331	10.582307669535808	0.05264829686336223
C318	C332	0.0	0.0
Y319	Y333	9.18929552884238	0.03494028718191019
M320	M334	0.0	0.0
K321	K335	-1.4210854715202004e-14	-6.021548608136442e-17
L322	L336	29.8169989767364	0.14834327849122586
V323	V337	1.2976631075799077	0.007457833951608665
R324	R338	1.398472986197362	0.005103916008019569
L325	L339	0.8086344034601325	0.0040230567336325
M326	M340	21.30269516413486	0.09510131769703063
G327	G341	0.11515554774014447	0.0011072648821167737
A328	A342	-1.4210854715202004e-14	-1.1016166445893026e-16
S329	S343	0.10575928255578049	0.0006823179519727773
G330	G344	-1.4210854715202004e-14	-1.3664283380001927e-16
M331	M345	0.0	0.0
H332	H346	0.7411365261710472	0.0033086452061207466
T333	T347	0.0622075820729151	0.00036167198879601803
G334	G348	-1.4210854715202004e-14	-1.3664283380001927e-16
T335	T349	-1.4210854715202004e-14	-8.26212483441977e-17
M336	M350	7.305598830112274	0.03261428049157265
G337	G351	44.88202882471178	0.43155796946838254
Y338	Y352	80.86239007630138	0.3074615592254805
G339	G353	15.741555437555533	0.15136110997649552
K340	K354	121.31361097817387	0.5140407244837876
M341	M355	44.96914956199289	0.20075513197318257
E342	E356	49.80165810969155	0.22332582111969307
G343	G357	18.18457272274742	0.17485166079564826
H344	H358	58.41437007536728	0.2607784378364611
G345	G359	62.31625518208402	0.5991947613661925
K346	K360	67.99229711893824	0.2881029538938061
E347	E361	4.101431537975486	0.018392069677020118
T348	T362	6.747113554937158	0.03922740438916952
V349	V363	64.91048498154174	0.37304876426173417
L350	L364	0.08463534331140465	0.0004210713597582321
A351	A365	1.8215372108443262e-06	1.4120443494917257e-08
Y352	Y366	44.03835241338	0.16744620689498096
M353	M367	1.239964789633916	0.005535557096579983
L354	L368	-1.4210854715202004e-14	-7.070076972737315e-17
E355	E369	47.66087133440746	0.21372588042335183
R356	R370	103.80280091864614	0.3788423391191465
D357	D371	118.39933718513791	0.6134680683167767
E358	E372	67.95042998826015	0.3047104483778482
C359	C373	16.147767920904613	0.09669322108326116
Q360	Q374	117.53513977491808	0.5223783989996359
G361	G375	6.191700591096577	0.059535582606697855
P362	P376	66.59243447579416	0.41882034261505763
Y363	Y377	68.33576603229118	0.2598318100087117
F364	F378	2.7684707643042827	0.011535294851267844
Y365	Y379	122.92379303530971	0.46739084804300274
Q366	Q380	0.014780390728589055	6.56906254603958e-05
K367	K381	94.43812146919944	0.4001615316491502
W368	W382	0.4055490561426467	0.0014229791443601638
Y369	Y383	64.58285392236925	0.24556218221433176
G370	G384	69.28433805557037	0.6661955582266382
M371	M385	20.99711241470132	0.09373710899420232
K372	K386	106.2499670149137	0.4502117246394648
A373	A387	30.989366398142906	0.24022764649723183
T374	T388	0.3414874760991893	0.001985392302902263
T375	T389	5.505129844247179	0.0320065688619022
P376	P390	0.6575515464677153	0.004135544317407014
I377	I391	0.004917939881551092	2.4964161835284733e-05
I378	I392	1.6988061304346047e-06	8.62338137276449e-09
S379	S393	-1.4210854715202004e-14	-9.168293364646454e-17
G380	G394	-1.4210854715202004e-14	-1.3664283380001927e-16
G381	G395	22.10441746272403	0.21254247560311568
M382	M396	0.4149003702141556	0.001852233795598909
N383	N397	6.179946669366757	0.031692034201880805
A384	A398	0.00016608074700741327	1.287447651220258e-06
L385	L399	0.03954154331094628	0.0001967240960743596
R386	R400	52.56996788978715	0.1918611966780553
L387	L401	-1.4210854715202004e-14	-7.070076972737315e-17
P388	P402	0.3058505525189332	0.0019235883806222216
G389	G403	28.94555518497794	0.27832264600940326
F390	F404	-1.4210854715202004e-14	-5.921189464667501e-17
F391	F405	0.19846946552451072	0.0008269561063521281
Q392	Q406	110.99699957862441	0.4933199981272196
N393	N407	64.74314539216415	0.33201613021622645
L394	L408	1.291425651018585	0.0064250032388984335
G395	G409	53.3691215190274	0.513164629990648
H396	H410	28.706860292839565	0.1281556263073195
G397	G411	10.553246673925244	0.10147352571081966
N398	N412	31.78788420033041	0.16301479077092518
V399	V413	0.029206527398727644	0.00016785360573981406
I400	I414	-1.4210854715202004e-14	-7.21363183512792e-17
N401	N415	-2.842170943040401e-14	-1.4575235605335388e-16
T402	T416	-1.4210854715202004e-14	-8.26212483441977e-17
C403	C417	0.0	0.0
G404	G418	-1.4210854715202004e-14	-1.3664283380001927e-16
G405	G419	28.853264157641917	0.27743523228501843
G406	G420	0.024425480953013334	0.00023486039377897436
A407	A421	0.12217855321591742	0.0009471205675652513
F408	F422	47.10027961484782	0.19625116506186593
G409	G423	36.52060599904452	0.35115967306773577
H410	H424	13.758273053062496	0.061420861844029
I411	I425	66.94742429405122	0.3398346410865544
D412	D426	66.86773061573217	0.34646492547011487
S413	S427	43.40518397571273	0.28003344500459826
P414	P428	30.77531875160723	0.19355546384658634
A415	A429	17.163705185798406	0.13305197818448378
A416	A430	10.178173785695712	0.0789005719821373
G417	G431	-1.4210854715202004e-14	-1.3664283380001927e-16
G418	G432	0.14171399682233243	0.0013626345848301196
I419	I433	56.42048828689445	0.2863984176999718
S420	S434	0.0002029408935442234	1.3092960873820864e-06
L421	L435	-1.4210854715202004e-14	-7.070076972737315e-17
R422	R436	16.764950926797447	0.06118595228758192
Q423	Q437	25.896543225549316	0.11509574766910807
A424	A438	-1.4210854715202004e-14	-1.1016166445893026e-16
Y425	Y439	21.433713893419636	0.08149701100159558
D426	D440	64.98909359595349	0.33673105490131344
C427	C441	0.0031833504155684977	1.906197853633831e-05
W428	W442	46.85262760394019	0.16439518457522875
K429	K443	150.8858275092781	0.6393467267342292
S430	S444	74.8498223617977	0.4829020797535336
G431	G445	64.81042937435484	0.6231772055226427
S432	S446	33.4711236592705	0.21594273328561614
D433	D447	71.804876560416	0.37204599254101556
P434	P448	9.999618116205141	0.06289067997613297
I435	I449	9.320884871310952	0.047314136402593666
E436	E450	73.85978068332818	0.3312097788490053
Y437	Y451	32.044335406290614	0.1218415794915993
A438	A452	3.047613860288422	0.023624913645646683
K439	K453	106.23043354198884	0.4501289556863934
T440	T454	111.3051552726767	0.6471229957713761
H441	H455	45.88617187532279	0.20484898158626244
K442	K456	137.16529216910834	0.5812088651233405
E443	E457	38.871780566053886	0.1743129173365645
F444	F458	-1.4210854715202004e-14	-5.921189464667501e-17
A445	A459	17.359432840029655	0.1345692468219353
R446	R460	59.816792791667545	0.2183094627433122
A447	A461	-1.4210854715202004e-14	-1.1016166445893026e-16
F448	F462	0.0008671057118334602	3.6129404659727507e-06
E449	E463	32.29772740003459	0.14483285829611922
S450	S464	23.144239598919796	0.14931767483174063
F451	F465	41.82984441621294	0.17429101840088726
P452	P466	30.511511920494108	0.1918963013867554
K453	K467	117.43076372723465	0.4975879818950621
D454	D468	18.98738156494086	0.09838021536238788
G455	G469	-1.4210854715202004e-14	-1.3664283380001927e-16
D456	D470	39.69551315778117	0.20567623397814078
K457	K471	151.86110566860856	0.6434792613076634
L458	L472	91.23507829072169	0.45390586214289397
F459	F473	32.544042808944376	0.13560017837060157
A460	A474	58.500428678139556	0.45349169517937643
G461	G475	28.614857380885212	0.27514285943158856
W462	W476	0.000834860769245438	2.929336032440133e-06
R463	R477	61.81123935984314	0.22558846481694578
E464	E478	141.66039337344378	0.6352484007777748
K465	K479	107.70044095181858	0.45635780064329906
L466	L480	36.54162467086314	0.18179912771573703
G467	G481	65.68184157206808	0.6315561689621931
V468	V482	34.26091421704807	0.19690180584510383
H469	H483	159.4173209424313	0.7116844684929969
K470	K484	116.4247230244945	0.49332509756141735
