sgRNA_target,norm,sd_fitness,p_fit_adj_WT,num_barcodes
A164C,0.09545771593470707,0.3084303757828121,0.00100395996139489,3
A164D,-0.4053810069249178,NA,0.0784729898672896,1
A164E,0.0936290725177676,NA,0.0784729898672896,1
A164F,0.3346084845313653,1.1670255788815111,9.056317870165991e-6,15
A164H,0.4255795890113351,0.7697543066749425,0.00670247635973442,2
A164I,0.1609473491948621,0.369493981654138,0.00100395996139489,3
A164L,0.00905946636487961,0.8287323732369929,2.283451591197548e-4,4
A164M,0.27010620119893336,0.8448911284677378,0.00100395996139489,3
A164P,0.2049200031892033,1.393311680965118,2.283451591197548e-4,4
A164Q,0.12012838819949652,0.7273995615534151,2.283451591197548e-4,4
A164R,0.3169814980681721,0.5005861092599385,0.00670247635973442,2
A164S,0.6842585607583299,0.7136200040485408,0.00783754885514079,5
A164T,0.48890112068664016,0.36988265097872,7.05439497255035e-5,5
A164V,0.4676247164686948,0.40586373121387226,2.283451591197548e-4,4
A164W,0.3202090909442451,0.41530662582411454,2.283451591197548e-4,4
A164Y,0.2607709303608904,1.9125828379482563,0.03362885567420154,5
A244C,0.9340630938137632,NA,0.7998024314684155,1
A244D,0.8024343292440959,NA,0.15117895095110237,1
A244E,0.9464844099061896,0.48420332036040953,0.5540686617454618,4
A244F,0.9267513198197052,NA,0.7384958692085736,1
A244H,0.6874193531709277,0.3981825715293309,0.00657237572356699,3
A244R,0.7476896268464013,NA,0.0784729898672896,1
A244S,0.7656810104963263,1.8047239131292916,0.8648660412580148,2
A244T,0.24549966932542033,NA,0.0784729898672896,1
A244V,1.0102263547276082,0.47725791660589817,0.6127169598847068,2
A244Y,0.4479354537401292,NA,0.0784729898672896,1
A275D,0.8892306804045894,0.797197062956729,0.3601616184423321,2
A275E,0.5897253478290865,1.7970496054337486,0.4383413615734401,2
A275H,0.7099999178059753,0.5104338517221965,0.01306210637237683,2
A275K,0.28607511394622764,NA,0.0784729898672896,1
A275M,0.7283016543721769,0.44795824509892496,0.00657237572356699,3
A275N,0.23936313654056984,NA,0.0784729898672896,1
A275R,0.7715169699755288,NA,0.0784729898672896,1
A275V,0.02804406984283432,NA,0.0784729898672896,1
A295C,1.3900063744069964,0.9992691065426788,0.0784729898672896,4
A295D,0.04502372796631059,1.1414168829412543,2.283451591197548e-4,4
A295F,0.5768779293108165,1.1508878335709996,0.02923062169005782,5
A295G,0.9287588037410348,NA,0.7998024314684155,1
A295H,0.7456728668435314,0.9461713143454028,0.07175048364046581,5
A295I,1.39351183212147,0.9715228305477834,0.03152006756051927,6
A295K,0.19538810486799357,0.5331216572641647,2.283451591197548e-4,4
A295L,0.985582736925798,0.8081270642618245,0.8432383604660229,6
A295M,0.4983374443864435,0.34805130024669395,2.283451591197548e-4,4
A295N,1.123104970509924,0.5919069406617514,0.41559316630157495,3
A295P,1.028824563873505,0.5600444344876379,0.9144603032608128,4
A295Q,0.757412469746647,2.23658490818751,0.38196928510298733,3
A295S,1.1471807382931742,0.3233004786690898,0.15328973611573038,3
A295T,0.8068760410124577,0.31176222662472236,0.0719156310858786,2
A295V,0.6280553970971805,NA,0.0784729898672896,1
A295W,0.411413507776491,0.2906051347705583,0.00670247635973442,2
A295Y,0.5366520980978633,0.7337988323177671,0.00208409047175115,4
A429C,1.1271564774934355,NA,0.42138064384369345,1
A429D,0.4914686122513912,2.495939234772126,0.3601616184423321,2
A429E,0.441449198938157,0.9157733174561036,0.00100395996139489,3
A429F,0.08758012026264415,NA,0.0784729898672896,1
A429H,0.17638596577271917,0.1624411960386196,0.00670247635973442,2
A429I,-0.15452542096744312,0.4019616974372181,0.00100395996139489,3
A429K,0.34701248916127925,NA,0.0784729898672896,1
A429L,-0.02969560593243724,0.23476547025255295,0.00100395996139489,3
A429N,-0.18398622071686657,NA,0.0784729898672896,1
A429P,0.5340248672643944,2.3458799635925347,0.01410392808444499,6
A429Q,0.02952618694539474,NA,0.0784729898672896,1
A429R,0.4487931582803155,0.35879498736648874,0.00100395996139489,3
A429S,0.5399918782655961,0.5428792483005398,0.00100395996139489,3
A429V,0.22430416930543928,0.0870656218444389,0.00670247635973442,2
A429W,0.134839581085458,0.3731565169445172,0.00670247635973442,2
A429Y,-0.0919506394252454,0.6849465759933216,0.00670247635973442,2
C417A,0.8589752441279223,0.5261334547546828,0.06926369445774529,6
C417D,-0.15913277507716447,0.43113627821915407,0.00670247635973442,2
C417F,-0.08723627715415716,0.7733193056453752,2.283451591197548e-4,4
C417G,0.28902541127332015,1.3039512771929231,0.00670247635973442,2
C417H,-0.06668103301687217,0.5124513532154894,0.00100395996139489,3
C417I,0.16733038331915015,NA,0.0784729898672896,1
C417K,0.1265865676891715,0.933382834625514,2.283451591197548e-4,4
C417L,0.1829928745383005,0.9728059770727804,7.05439497255035e-5,5
C417M,0.11427942036175875,0.4899829051549167,7.05439497255035e-5,5
C417N,0.5778948913664842,0.6698399155690137,0.00100395996139489,3
C417P,-0.18877666579071337,NA,0.0784729898672896,1
C417Q,0.1403549489498626,0.8231443889924165,2.283451591197548e-4,4
C417R,0.1356920123267343,NA,0.0784729898672896,1
C417S,0.9668472539402256,NA,1,1
C417T,0.17981694157623898,1.0573152517709066,0.00670247635973442,2
C417V,0.6064504615015639,0.6178694681764929,0.00197161797329435,3
C417W,0.04653021948940846,1.2540916860037823,0.00100395996139489,3
C417Y,-0.13508201166739336,0.3846989635348699,2.283451591197548e-4,4
D268A,0.735680475269958,0.13018561155354394,0.00670247635973442,2
D268C,0.8950447646827167,0.3935733873741834,0.19546676743120336,5
D268E,1.2429913611334993,0.482053206546679,0.03763209617846637,3
D268F,1.3257642317055518,0.0979017658630765,0.02537248306173936,2
D268G,0.7855301461490036,0.5234252774023331,0.16901748373708272,2
D268H,0.9835498635192628,0.06762775997111807,0.8648660412580148,2
D268I,0.7556532053950397,0.6089027907481223,0.03717729535689707,2
D268K,0.8223299580887387,1.174690489449727,0.6874799017829115,3
D268L,0.7232160207576155,NA,0.0784729898672896,1
D268M,0.9156884163,0.9641299135353268,0.65677713482161,4
D268N,1.186695211532006,NA,0.28938153191874405,1
D268P,-0.15723861430477545,0.03375726316238298,0.00670247635973442,2
D268Q,0.9574512511006312,0.3898759751939226,0.9817891420927596,3
D268S,0.8980166113492987,1.1078570858927252,0.8648660412580148,2
D268T,0.8891993833997007,1.43661558066627,0.2914186938287876,3
D268V,1.092263672967151,1.3988174268391813,0.6939951216197839,5
D268W,1.3409505239775323,3.057376497856771,0.9744145469022636,2
D268Y,0.7238556648087275,0.2008715816663283,2.283451591197548e-4,4
D329A,1.166649346369941,1.1390479187494116,0.17030317271118453,6
D329C,0.26289907153876263,1.0145600466732574,4.135327049008924e-6,11
D329E,1.5799221113887965,1.5182104287032308,0.0095147012293877,7
D329F,-0.25545703649474855,NA,0.0784729898672896,1
D329G,0.4060236759726664,0.1572332010911028,0.00670247635973442,2
D329H,0.00777586168916375,0.7429069460572577,0.00670247635973442,2
D329I,0.41508145920743894,1.1292485742731115,0.00100395996139489,3
D329K,0.11105497075645147,0.48600157475220873,0.00100395996139489,3
D329L,0.3801905594132993,NA,0.0784729898672896,1
D329M,0.7424999563443723,0.5017827904481977,3.406780627833089e-4,9
D329N,0.8280487256843029,0.7497054329667228,0.08577999096394025,6
D329P,-0.00320053295299626,0.6416619675233934,0.00100395996139489,3
D329Q,0.5922922400569972,0.34059712903183964,0.00670247635973442,2
D329R,0.00138696833364747,0.5852256659525568,2.283451591197548e-4,4
D329S,1.209995318614639,1.6027625677923418,0.07213499178381343,7
D329T,1.8222080776817176,1.367450228068202,2.527960631040945e-5,15
D329V,1.008032880910739,1.3493582946608729,0.15211641913799537,8
D329Y,0.2551774408692266,0.9860935845403556,2.283451591197548e-4,4
E228A,0.8053634412716945,0.11370368361260652,0.00430682725952552,4
E228C,0.8733481631018655,0.413461116870184,0.2410636651931024,3
E228F,0.4338628439975203,0.31645284080875624,0.00100395996139489,3
E228G,0.8369436784964986,0.5099465711031879,0.12044725132751467,2
E228I,0.4720631137737343,1.04054949380456,2.283451591197548e-4,4
E228K,0.5915515544303735,0.721208491630881,0.00672433856544771,4
E228L,0.4786753235206587,0.31767736307405725,0.00670247635973442,2
E228M,0.5767950066600402,0.17521816684223387,0.00670247635973442,2
E228P,0.8362581848484146,2.28057793100556,0.488042729724844,3
E228Q,0.7826384895339238,0.5193771086555865,0.10441217554311712,3
E228R,0.7417523164527501,NA,0.0784729898672896,1
E228S,0.760101066110058,0.5731992528693017,0.0059710710943813,4
E228T,0.8082994767728631,0.7665848173614705,0.06926369445774529,6
E228V,0.5484007357355773,0.7081298433300038,7.05439497255035e-5,5
E228W,0.6918354032485678,0.6238130415935194,8.679474635997305e-5,8
E303A,1.1417574584175254,0.6000731589817457,0.4521184537282905,3
E303C,0.9326244085261248,0.5074303882629645,0.6076176698525749,3
E303D,1.0984271189871913,NA,0.5521063177123177,1
E303F,0.5610761983001487,1.0733313678288807,0.00670247635973442,2
E303H,0.9861657587351744,NA,0.9183882146736088,1
E303K,1.261816689089592,1.164646060897188,0.05607364726186343,3
E303L,0.6547517022374039,0.20724679498574436,0.00670247635973442,2
E303N,0.8740302149546806,1.1860004036969334,0.13926506910297515,4
E303P,0.12517886096537895,NA,0.0784729898672896,1
E303R,1.0017728611960883,0.427641133936452,1,2
E303S,0.3667143867398219,0.5693786810838186,0.00670247635973442,2
E303T,1.0858732087032976,1.105881534555571,0.5231203253492065,2
E303V,0.8629696445374527,0.4524778611807626,0.11411277487534605,5
E303W,0.9779088770090428,0.9331188952021944,0.8648660412580148,2
E303Y,0.8585844939029433,0.9780480900380468,0.3203405655920512,3
F104A,2.1631255595526175,0.4663979060527192,0.00197161797329435,3
F104C,1.4759423899563906,0.33365074440114756,0.02537248306173936,2
F104D,-0.09153054822277064,1.0190468540320807,2.527960631040945e-5,6
F104E,-0.12425689683307048,0.2811986428711245,2.283451591197548e-4,4
F104G,0.1888550530996633,0.1690819144671554,7.05439497255035e-5,5
F104H,0.34029334365265246,1.0840048317099205,0.00100395996139489,3
F104I,1.31306125477296,1.4320973744412608,0.0993402296771224,4
F104K,0.3020127759458885,0.7703886778643622,0.00670247635973442,2
F104L,1.1820095339267138,NA,0.28938153191874405,1
F104M,1.3552937479084757,0.23035257564765765,0.00959937807099955,3
F104N,-0.03404015254521259,NA,0.0784729898672896,1
F104P,-0.07299002209673819,NA,0.0784729898672896,1
F104Q,0.12177010039872252,1.7500542097559448,0.00904931431767972,6
F104R,-0.04167761806441648,0.7980660997775623,2.283451591197548e-4,4
F104S,1.1823655155573474,0.5274845588569101,0.22666809961269957,2
F104T,1.5863354436723884,NA,0.15117895095110237,1
F104V,1.4935034199285813,0.8078462074411895,6.054594501185985e-4,5
F104W,-0.22281018687472337,NA,0.0784729898672896,1
F104Y,0.26344715941923114,1.202267401534476,7.05439497255035e-5,5
F269C,0.2611969640799678,0.4456208497228989,0.00670247635973442,2
F269D,0.3270025105904771,0.4401871740508897,0.00100395996139489,3
F269E,0.5331244896961655,0.836343296850195,2.283451591197548e-4,4
F269H,0.8069029134930474,NA,0.22237725768787264,1
F269I,0.2833875992382482,0.19170112127455383,0.00670247635973442,2
F269K,0.6034154921739017,0.6268049159960567,0.00100395996139489,3
F269L,0.6200927751346293,NA,0.0784729898672896,1
F269M,0.8907626254639797,1.0936722372263,0.8648660412580148,2
F269N,0.15341564710687014,0.9619014606213367,0.00670247635973442,2
F269P,-0.02326377578658726,0.9106768176760596,0.00670247635973442,2
F269R,0.487762361050318,0.4629740122437296,2.283451591197548e-4,4
F269S,0.5845686737979926,0.92155018460817,0.0095147012293877,7
F269T,0.43927009018157026,1.18445215310084,0.00670247635973442,2
F269V,0.71201016609326,1.001234526421909,0.1943125410718501,3
F269Y,1.0725051719997118,0.3861873152119835,0.0993402296771224,4
G359A,0.4338275852759102,0.5869322213709646,7.05439497255035e-5,5
G359C,0.625726423499228,0.1682726831149867,0.00100395996139489,3
G359D,0.6577818328186008,1.0537985738577216,0.00197161797329435,3
G359F,0.44426775960152826,0.4649366537880454,0.00670247635973442,2
G359H,0.20209025040572445,0.00995950847518144,0.00670247635973442,2
G359K,0.41530201590263066,0.6946247096580513,0.00100395996139489,3
G359L,1.1690777138332336,1.252749018942891,0.2599921854712279,9
G359M,0.478055810799432,1.120120139443313,0.00670247635973442,2
G359N,0.4720694254596713,0.8044764832129322,0.00670247635973442,2
G359P,0.11542621524752009,0.25434786200646964,0.00670247635973442,2
G359Q,0.28669068314794677,0.16169510313232766,0.00100395996139489,3
G359R,0.4694345626562676,0.9466935868896518,0.00100395996139489,3
G359S,0.5128638782951767,1.89548442792839,0.3203405655920512,3
G359T,0.7575214594164386,0.4110910508936127,0.00322274680852841,5
G359V,0.7211682125260902,0.5972801037301974,0.01306210637237683,2
G359W,0.5163660028793973,0.8936777747827344,2.283451591197548e-4,4
G359Y,0.6563710426400177,NA,0.0784729898672896,1
G411A,0.4542078103225592,0.40363503039878856,2.283451591197548e-4,4
G411C,0.2897281705598639,0.32398543516823786,0.00670247635973442,2
G411D,-0.04217626426561514,0.11819254915008856,0.00100395996139489,3
G411E,0.14966265968060344,1.5959472581139442,0.00100395996139489,3
G411F,-0.06680859164593907,0.2613329059346999,0.00100395996139489,3
G411H,0.02094304883637931,0.8806679333292411,9.056317870165991e-6,7
G411I,0.2412802350222491,1.932140322227454,0.03449518974104751,4
G411K,0.3168257387795377,NA,0.0784729898672896,1
G411L,-0.10238972072762435,0.1448495881234358,0.00670247635973442,2
G411M,-0.15622816053601354,0.37428444734455574,2.527960631040945e-5,6
G411N,-0.11433363002488532,1.160785211567012,2.283451591197548e-4,4
G411P,0.02069270296532863,NA,0.0784729898672896,1
G411R,-0.1299236268734316,0.09145772325907511,0.00100395996139489,3
G411S,0.16536796821903052,0.4184657897861908,0.00670247635973442,2
G411T,0.09930063040003674,1.032307416108987,0.00670247635973442,2
G411V,-0.01595083319803215,0.9486620497949152,2.283451591197548e-4,4
G411W,-0.2625688870621012,0.6516570075828678,0.00670247635973442,2
G411Y,0.4667541754143589,3.3411887959843254,0.38196928510298733,3
G432A,1.117856844718191,1.4863835294775307,0.488042729724844,4
G432C,0.2408877411110091,0.8770531694296824,2.527960631040945e-5,6
G432D,0.6908300565321629,3.6246257934761914,0.9744145469022636,2
G432E,-0.03756895798832253,0.5127735870365282,1.5321237326539065e-6,9
G432F,0.04445722794511408,0.8133203940583935,0.00100395996139489,3
G432H,0.2051217013521972,1.2480333734605973,0.00100395996139489,3
G432I,0.0292495768457429,0.5613322032110463,4.125939936200478e-6,8
G432K,0.02883047079921403,0.9062971559372708,9.056317870165991e-6,7
G432L,-0.0113742837247465,0.7665773648922485,1.5321237326539065e-6,9
G432M,0.06412599213626584,0.9199007707930262,7.05439497255035e-5,5
G432N,0.10588515465325518,0.683014084174266,2.527960631040945e-5,6
G432P,0.22096604798482217,1.2930524765201947,0.00670247635973442,2
G432Q,-0.00676028455596284,0.45878653370451306,0.00100395996139489,3
G432R,-0.18438547980480544,6.775876777298256e-4,0.00670247635973442,2
G432S,0.7454446987637052,0.793419157203756,6.170594316306843e-4,10
G432T,0.2943431795432098,1.096851450226154,2.283451591197548e-4,4
G432V,0.30225787119596625,0.46508460294681375,2.527960631040945e-5,6
G432W,-0.11604683201190512,0.4735545377688739,2.283451591197548e-4,4
G432Y,-0.1605436970981174,0.2642982564855808,2.283451591197548e-4,4
H126A,1.3203725934309865,1.2510583186584068,0.01045828676512112,11
H126C,1.2593637986101252,1.518832496749561,0.36540985029205386,8
H126D,1.0186529983007506,1.5560781291389436,0.37899774419261134,11
H126E,0.36340441918796584,0.22871434981257135,7.05439497255035e-5,5
H126F,1.2727701527140327,1.3378788820895624,0.03985546329949561,7
H126G,1.3542257954771266,1.031327878714339,0.00670247635973442,8
H126I,0.5119491609599408,0.12032510919873396,0.00100395996139489,3
H126K,0.32835380001729486,1.7360769511389238,0.00657237572356699,3
H126L,0.6205294216676006,0.4967999733446296,0.00100395996139489,3
H126M,1.9592907587008688,0.8279312897915353,7.05439497255035e-5,7
H126N,1.9682532721126995,0.04290424115315203,0.02537248306173936,2
H126P,0.6313426097262979,1.4272531147908831,0.00410172621213545,6
H126Q,1.616590814638669,0.4391512365896334,0.00140615608606625,4
H126R,0.6409757889467587,1.143090754249373,0.0719156310858786,4
H126S,1.3648136034111855,0.7738143098370028,0.00198738344190432,8
H126T,0.9281589196983522,0.875487055604132,0.13834996168402877,5
H126V,0.8202042177633894,1.2552994422963248,0.3823153733412445,6
H126W,0.09963873195960012,0.7851304430213932,1.7156428940993258e-7,11
H126Y,1.2924005626696629,1.0124006072435023,0.2274696600259652,4
H141A,1.3003064675740963,1.305961973788381,0.38196928510298733,3
H141C,1.4993677677921815,1.1107417933250032,0.00657237572356699,3
H141D,-0.1599689212854937,NA,0.0784729898672896,1
H141E,0.2641509269672484,0.01304423610469896,0.00670247635973442,2
H141F,0.9861886879233208,0.391861788012298,0.9208486515373484,2
H141G,1.3035633808990024,1.4231029009726657,0.03241799596826261,8
H141I,1.4876231021387076,1.101120518483213,0.03820378506181919,5
H141K,0.9489560990789312,0.5082804492090286,0.5665404732307675,3
H141L,1.1334983946639658,0.6520368871155465,0.3099143942220743,5
H141M,1.715382276514012,NA,0.15117895095110237,1
H141N,1.566336247535422,0.5501094868237112,0.00657237572356699,3
H141Q,0.8061232910099515,0.5555618453893086,0.19544374627505023,2
H141R,-0.3423893948344215,NA,0.0784729898672896,1
H141S,1.7613910415380087,1.1228971383109312,0.00657237572356699,3
H141T,1.1357813118483504,0.00803251963870183,0.12044725132751467,2
H141V,1.1887370988688166,0.28974246499258416,0.06729319477844922,3
H141W,0.381174481083869,NA,0.0784729898672896,1
H141Y,0.27377864037425675,NA,0.0784729898672896,1
H265A,0.7804592454323862,0.41809269332840066,0.00100395996139489,8
H265C,0.845485300189274,0.8267161613671001,0.15328973611573038,3
H265E,0.6955780519554023,0.44302323692929696,9.056317870165991e-6,7
H265F,0.5977357225236135,0.691495005138042,0.00657237572356699,3
H265G,0.5610053166169962,0.7618172394556344,0.00100395996139489,3
H265I,0.41433813779264167,0.7027959367720785,2.283451591197548e-4,4
H265K,0.5490594064618058,0.564700376888187,1.7044263536169736e-5,7
H265M,0.33518856728767726,NA,0.0784729898672896,1
H265N,0.6543449761627568,0.5171188194111817,0.03717729535689707,2
H265P,0.30239437070354963,NA,0.0784729898672896,1
H265Q,0.7078105967672812,0.22093931589773852,0.00670247635973442,2
H265R,0.3465202239399218,0.08204562817673725,0.00670247635973442,2
H265S,0.7410769968315041,NA,0.0784729898672896,1
H265T,0.7281282294454869,0.07920893860035147,0.00670247635973442,2
H265V,0.8502424001851343,NA,0.28938153191874405,1
H265W,0.853779764771685,2.360706008615014,0.9744145469022636,2
H358A,1.665006342973091,1.528047039957026,0.00130829246837762,9
H358C,1.90606965627704,1.1229144883079136,1.5321237326539065e-6,12
H358D,2.210951222861514,0.5576919562647209,2.283451591197548e-4,4
H358E,2.010240708390043,0.15242983541024546,7.05439497255035e-5,6
H358F,0.8861592150344872,NA,0.48724891228879685,1
H358G,0.687165388444583,0.8351289412821907,1.2569340187360424e-4,12
H358I,2.042852672789738,0.5449064865234224,1.5321237326539065e-6,11
H358K,1.867821857761972,0.4505748746575437,2.1171563058948616e-4,6
H358L,1.8838847999062447,1.1386261021382127,1.7456721648325958e-6,12
H358M,1.624008892658206,0.7106180400610982,0.02537248306173936,2
H358N,1.4609686551441932,1.5004025150804543,0.01244549750376302,7
H358P,-0.0340179552465929,3.686179636295137,0.04971940651629027,5
H358Q,1.9463066694656923,2.2520097698232924,3.497214755498678e-5,14
H358R,1.8472299014434128,0.6308146648880056,1.6237945227398554e-6,13
H358S,2.1073965844075766,0.5666826296019899,6.277391054378929e-7,11
H358T,2.0741915920428946,0.8138820404418896,2.527960631040945e-5,7
H358V,1.9958313743864828,1.737985268000709,8.759608278069588e-5,12
H358W,1.75993804154852,0.6412911166524421,0.00657237572356699,3
H358Y,0.7516197640420248,0.2866783309014881,0.00657237572356699,3
I425A,0.03520543111603732,NA,0.0784729898672896,1
I425C,0.7788649989238686,0.6083548656605038,0.00219269874765296,6
I425D,0.9750938630813932,2.2023497101754392,1,5
I425E,0.781925230448461,1.205018348212845,0.2410636651931024,3
I425F,0.6598246369998435,0.7367052473693122,2.283451591197548e-4,7
I425G,0.20206595296367968,NA,0.0784729898672896,1
I425H,0.46090877535061214,0.2422236728429156,0.00100395996139489,3
I425K,0.953728473673912,0.7397835339741755,0.5213117989226688,4
I425L,0.9827387224504678,0.656094475497273,0.5835066772105594,6
I425M,0.7893046525691938,NA,0.0784729898672896,1
I425N,0.5317038771149282,1.1701901704973254,0.0030944431235873,4
I425P,1.092278201727737,0.4420575085014362,0.25756174224382117,2
I425Q,0.7651098514661795,1.0194236194188615,0.3227477214826509,2
I425R,0.4577192192353309,NA,0.0784729898672896,1
I425S,0.5865239675433578,0.3975737893794189,2.283451591197548e-4,4
I425T,0.8379930332160264,1.5687867417772137,0.067703439774741,8
I425V,1.1147634914336284,0.8883192193022591,0.4021358371183169,8
I425W,0.3563906633405813,0.6244653663472447,2.283451591197548e-4,4
I425Y,0.422945916573201,1.1580026209080263,0.00370440857189973,7
I433A,0.619515887052882,0.5281579530472061,0.00100395996139489,3
I433C,0.8480826807826302,0.7355284450654782,0.08814466518201663,4
I433D,0.40058463410796746,1.2378337555253072,0.00657237572356699,3
I433E,0.8561388869587797,0.4155191705082888,0.12044725132751467,2
I433F,0.22674728862016255,0.901735599462824,7.05439497255035e-5,5
I433G,0.3507915567921205,0.9136016305647626,0.00100395996139489,3
I433H,0.6097081337683826,0.4866062144777507,0.00670247635973442,2
I433K,0.6804985133725643,0.7334210699693594,0.00100395996139489,3
I433L,0.6282095736241589,0.41384033101074075,0.00100395996139489,3
I433M,0.6318434362942124,NA,0.0784729898672896,1
I433N,0.4125643854257428,NA,0.0784729898672896,1
I433P,-0.05797278541904396,0.6057463505628521,0.00670247635973442,2
I433Q,0.6957726672280657,0.3643891444062614,0.00657237572356699,3
I433S,0.42932206570522347,NA,0.0784729898672896,1
I433T,0.9123471387377384,0.2414187466452696,0.660464251786378,2
I433W,0.15379935519853596,NA,0.0784729898672896,1
I433Y,0.223325870126735,0.43995657137068167,0.00100395996139489,3
I45A,0.7633092286241993,0.6475869441426348,0.10441217554311712,3
I45C,1.17793060925898,0.8263265428732144,0.19546676743120336,5
I45D,0.5543765738381485,0.2192896152869159,2.283451591197548e-4,4
I45E,0.4359170659273437,0.5743251368675221,2.283451591197548e-4,4
I45F,0.96029495508326,0.8910953059845842,0.6371670892143683,6
I45G,0.6595738661328245,0.4671973823430423,2.527960631040945e-5,6
I45H,0.8196923700500772,NA,0.28938153191874405,1
I45K,0.6311331651827314,1.1347571251751845,0.0030944431235873,4
I45L,1.0312190448059042,1.199408642641611,0.8704148962489888,6
I45M,0.8014845571665719,0.6781975572301889,0.12044725132751467,2
I45N,1.044495850152669,0.3705775572956143,0.3099143942220743,5
I45P,0.47579046770015576,0.9353813176804692,7.05439497255035e-5,5
I45R,0.5618685638596825,0.8008151722520295,0.00100395996139489,3
I45S,1.0090305366026942,NA,0.8604765235964448,1
I45T,0.4267902575497072,1.1255276289647966,0.00100395996139489,3
I45V,0.8811733519879941,0.6933464055411004,0.1943125410718501,3
I45W,0.3461767298790509,0.9145989963791336,0.00670247635973442,2
I45Y,1.1799733438854076,1.0610340008929675,0.6137715192846127,7
K158A,1.0773825705778808,2.9072116798413887,0.8648660412580148,2
K158C,1.0757564173524317,NA,0.6127169598847068,1
K158D,0.6516587081148814,0.5989572423293825,0.00219269874765296,6
K158E,0.7867140656873287,0.07196650695924095,0.03717729535689707,2
K158F,0.7918879473741581,0.5737726762681408,0.0993402296771224,4
K158G,0.96564088133786,1.2785645244885395,0.9892435357924494,7
K158H,0.9996160741672702,NA,0.9183882146736088,1
K158I,0.11517338459593283,0.8550190876075511,0.00100395996139489,3
K158L,0.6778238905362141,0.5888783737940023,0.00657237572356699,3
K158M,1.2726803337927506,0.7327199944855118,0.0719156310858786,2
K158N,0.8964187931870236,0.20182976784209983,0.11171403190599773,4
K158P,0.439034692884073,NA,0.0784729898672896,1
K158Q,0.794058064501719,0.6178529466410643,0.0784729898672896,3
K158R,1.159482962684338,2.157187832318964,0.488042729724844,3
K158S,0.9725978643339628,0.27988631946604947,0.7110905779254132,2
K158T,0.3889306197876285,1.1736767433809177,0.00772123743068705,6
K158V,0.15257840228028866,0.6431845167970589,0.00100395996139489,3
K158W,0.6061590521714577,2.246582419916154,0.12468635756348118,4
K158Y,0.8913883739143983,0.5501035292692407,0.19546676743120336,5
K214C,-0.1823780834973423,0.04997934285103665,0.00670247635973442,2
K214D,-0.2428868478674926,0.6377694463253722,0.00670247635973442,2
K214E,0,0.35707166013584707,0.00670247635973442,2
K214F,-0.25273764590402403,NA,0.0784729898672896,1
K214G,0.0071074059709615,NA,0.0784729898672896,1
K214H,0.2316900556159331,2.3475239621481387,0.12038707325399332,3
K214I,-0.27800559446461165,NA,0.0784729898672896,1
K214L,0.0039112336737769,0.6968850356348152,9.056317870165991e-6,7
K214M,-0.23796401093994105,0.7865820538611313,0.00670247635973442,2
K214N,-0.0756288805422507,NA,0.0784729898672896,1
K214P,0.04702758797185323,0.795033592073001,2.527960631040945e-5,6
K214Q,0.03397170173239376,NA,0.0784729898672896,1
K214R,-0.04337232934108005,0.6512510731902382,7.05439497255035e-5,5
K214S,-0.10892014201582484,NA,0.0784729898672896,1
K214T,0.01041910774164858,0.8146039642475335,7.05439497255035e-5,5
K214V,-0.10728325018974212,0.5974772489981559,0.00670247635973442,2
K214W,-0.19572546768063737,0.8884000479778,2.283451591197548e-4,4
K214Y,-0.25100728026670677,0.33618627967834164,0.00100395996139489,3
K233A,1.463631028673757,0.44303806518357586,0.02537248306173936,2
K233C,1.8120560907851335,0.5165701292430291,6.054594501185985e-4,5
K233D,0.38271744770034954,0.3247844457156386,0.00670247635973442,2
K233E,1.3186228499464143,0.6432575726870001,0.03763209617846637,3
K233F,1.599806507576365,1.2829377688896073,9.081132065983166e-4,5
K233G,-0.02829623356473026,0.39094052415922653,0.00670247635973442,2
K233H,1.4855082535509478,1.126492104372983,0.03763209617846637,3
K233I,1.6666242563651297,0.5354127649108722,0.00140615608606625,4
K233L,1.3722029461219238,0.8768300201665307,0.01874690507765176,6
K233M,1.56193492744693,NA,0.15117895095110237,1
K233N,0.9704990367921856,NA,0.9744145469022636,1
K233Q,1.2234524281493804,1.7730014694743164,0.6309535197088445,5
K233R,0.8710916716139789,0.5629604256325547,0.2667688497882047,3
K233S,1.0949353002387061,0.8554963925530471,0.4599704381045652,11
K233T,1.4230421187258318,1.4716956304122697,0.0065579976053189,5
K233V,1.312718657240117,0.8792841214787327,0.00188313502739714,5
K233W,1.4854842642997812,0.6664867187872439,0.00139367887177573,5
K233Y,1.386447567855666,0.6325516217030821,0.00959937807099955,3
K261A,1.0421205407981469,0.7159131327178978,0.4854657791516699,8
K261C,0.8365815276325611,0.5586135486417957,0.07175048364046581,5
K261D,0.9398429757712016,0.9886922848523256,0.6915083178692183,8
K261E,0.9218249267854686,1.0973240857130817,0.2474809798125917,6
K261F,0.7309233278096224,0.6834159460912116,0.00100395996139489,6
K261G,1.185971262031576,0.26174251824820205,0.16901748373708272,2
K261H,0.7807204357930833,0.4145509029901489,0.00100395996139489,5
K261I,0.7799173545555255,1.770464912953188,0.38196928510298733,3
K261L,0.915933909909804,NA,0.7384958692085736,1
K261M,0.9903084576039788,NA,0.9183882146736088,1
K261N,0.9618227613917536,0.07441051642459104,0.9744145469022636,2
K261P,0.7001153937349893,3.770366624118103,0.9744145469022636,2
K261T,0.8283398209077618,NA,0.28938153191874405,1
K261V,0.7169178363220404,NA,0.0784729898672896,1
K261W,0.27248466821507233,1.6400213186241244,0.00670247635973442,2
K261Y,1.141264299210892,0.6687233431498897,0.28938153191874405,2
K276A,0.6426144597617482,NA,0.0784729898672896,1
K276C,0.3641322236991405,NA,0.0784729898672896,1
K276D,0.19899349314164563,NA,0.0784729898672896,1
K276F,0.2265497044709194,NA,0.0784729898672896,1
K276H,0.6697213265490167,0.8860469651061395,0.00670247635973442,6
K276I,0.4995592859890446,3.232479362712404,0.8648660412580148,2
K276L,0.22117020997332143,0.4041618737739637,0.00100395996139489,3
K276Q,0.4561621895445327,1.020139232262291,0.00670247635973442,2
K276R,1.0550728562911866,0.840173199281619,0.488042729724844,3
K276S,0.5401277218339849,NA,0.0784729898672896,1
K276T,0.40979103109747433,NA,0.0784729898672896,1
K276V,0.46921598660287367,2.500321916722935,0.12468635756348118,4
K276Y,0.3831872260907873,NA,0.0784729898672896,1
K27A,0.8349860258131256,0.8477984604272044,0.5665404732307675,3
K27D,0.19559311019001308,1.0058973011220005,0.00100395996139489,3
K27E,0.6169388779838455,2.260428253221837,0.38196928510298733,3
K27F,0.7206077543658594,0.11675811248350068,0.00670247635973442,2
K27G,0.25412909843746484,0.6790779351239074,1.5321237326539065e-6,9
K27L,1.5940138739854148,1.202172522036719,0.00387321069437786,3
K27M,1.6924280857937744,NA,0.15117895095110237,1
K27N,0.9170472763364746,NA,0.7384958692085736,1
K27P,1.5745439014507652,NA,0.15117895095110237,1
K27S,1.264751700874817,NA,0.28938153191874405,1
K27T,0.664897785942667,0.6534519071103587,0.03763209617846637,3
K27V,0.6904094218704204,0.6628443296794636,4.488868221589321e-4,4
K323A,0.7352352480020236,0.8544737110962285,0.03152006756051927,6
K323C,0.07024268111049699,0.5032443730356367,0.00670247635973442,2
K323D,0.4288624762487996,2.0290937446933004,0.12468635756348118,4
K323E,0.06129990307012017,0.6479327324962331,0.00670247635973442,2
K323F,0.0645764555269662,1.9875259147663344,0.00670247635973442,2
K323G,1.1590828616529407,1.0269748339403406,0.2308445988400687,5
K323H,0.6130190262949298,NA,0.0784729898672896,1
K323I,0.10543547745892425,0.1017743817387952,0.00670247635973442,2
K323L,-0.00661652444655467,0.9448063620253796,0.00100395996139489,3
K323M,0.12373414556051852,NA,0.0784729898672896,1
K323N,0.6758657993711387,1.099556266556992,9.081132065983166e-4,5
K323Q,0.5775781279389064,0.3892469397034371,0.00670247635973442,2
K323R,1.7349582760347202,1.0040943127897524,7.05439497255035e-5,7
K323S,0.6979993107280389,0.5803956316149615,0.00247027647421428,5
K323T,0.29190434324857956,0.5911363482510348,0.00100395996139489,3
K323V,0.5214649447808056,1.2901888913384614,0.03717729535689707,2
K323W,0.2966611468400157,0.4438333845810249,0.00670247635973442,2
K323Y,0.1500426822717182,0.5263283035026384,7.05439497255035e-5,5
K33C,0.8699227684472686,0.6752299114082765,0.04369869265152119,5
K33D,1.1255701157935918,NA,0.42138064384369345,1
K33E,0.9389817214395232,0.4063799423515,0.65677713482161,4
K33F,0.8617995675169093,0.374719097867435,0.02026323046563968,4
K33G,0.6642956067965982,1.102566861488451,0.00657237572356699,3
K33H,0.8990282557457899,0.931512835216014,0.2667688497882047,3
K33I,0.8632647324325305,NA,0.42138064384369345,1
K33L,0.9193161250244092,0.7268622620669387,0.6127169598847068,2
K33M,1.061989068008807,1.2182715021365378,0.9564382757329029,5
K33N,0.5220436873852063,1.686818391607999,0.14297163068992605,2
K33P,0.5488361198824511,2.563052083199277,0.38196928510298733,3
K33Q,0.7327455299949123,0.3974916004155514,0.00100395996139489,3
K33R,0.8149884295590712,NA,0.28938153191874405,1
K33S,1.156989886225939,NA,0.3567978008197837,1
K33T,0.8211858629024229,NA,0.28938153191874405,1
K33V,1.3532019257208352,1.1414732915155947,0.14297163068992605,2
K33W,1.049891685402248,0.6652136621635695,0.3601616184423321,2
K33Y,0.8970053465684442,NA,0.6127169598847068,1
K360A,0.9869353499802024,1.0049763881147422,1,4
K360C,1.6970223556836057,0.6445700511619121,2.283451591197548e-4,6
K360D,1.6599768771266956,1.244208373965118,0.00412473666052634,5
K360F,0.7368789493996284,0.9377891266271656,0.22666809961269957,2
K360G,0.623966392777059,0.7049829217973367,0.00670247635973442,2
K360H,0.9859810614246428,NA,0.9183882146736088,1
K360I,1.9816983162193689,1.0207209189534368,1.7156428940993258e-7,14
K360L,1.6650525233925906,1.0083993216566114,0.02537248306173936,2
K360M,1.754260845382836,0.6454038517094769,4.318160909016861e-5,8
K360N,1.4723614477045284,1.7233287300808946,0.00434792817703164,8
K360R,0.8775228520755409,0.6291840884150585,0.08341789060494374,5
K360S,1.277474835252185,0.546239343027925,0.0784729898672896,4
K360T,1.736986409356977,0.487019489781069,0.02537248306173936,2
K360V,1.7032004723597318,2.12644113393512,0.02915766184465152,9
K360W,0.2761841852655729,1.0275808909438613,9.152453283776664e-4,7
K360Y,0.8349056710155703,1.509980097539232,0.01783661034644472,9
K381A,0.6788221748403246,0.8292286370966585,0.03717729535689707,2
K381C,0.919732354466268,1.3454807883361373,0.3099143942220743,5
K381D,0.6486100769688822,0.14347477543172898,0.00670247635973442,2
K381E,0.7455868438411968,0.05600934061146184,0.00670247635973442,2
K381F,0.8859650449705018,NA,0.48724891228879685,1
K381G,0.4457161074050701,0.07830008222277907,0.00670247635973442,2
K381H,0.8631763511845357,0.59432767359701,0.03537602679386075,11
K381I,0.802764016416902,0.9943321872832424,0.1885351937801961,4
K381L,0.8625627818494629,0.4338515169349833,0.06231750943660778,6
K381M,0.8250107283152153,0.21611471188315393,0.01665439159340013,4
K381N,1.0883783967955811,0.6564974469058675,0.2474809798125917,6
K381P,0.8036678466989714,1.3378560922245384,0.15705172880312945,6
K381Q,0.7543612121074329,1.4986254119153728,0.01874690507765176,6
K381R,0.9674675952296988,0.7931931056110975,0.6127169598847068,2
K381S,0.656129511357561,0.2818244248546947,2.283451591197548e-4,4
K381T,0.6723486083524308,2.4680082869421964,0.12468635756348118,4
K381V,0.5964569268797801,0.9455670081062664,2.696822850156492e-4,11
K381W,0.4038884397861346,0.6718907256663883,2.283451591197548e-4,4
K381Y,0.9292454313352853,0.5058890835428639,0.5557344984787205,6
K43A,1.0757994755880556,1.0296227740989996,0.5665404732307675,3
K43C,0.9649105898509136,0.45497355007553353,0.5540686617454618,4
K43D,-0.0737583049587098,0.7514890298969091,2.283451591197548e-4,4
K43E,1.4018909189967648,3.768920580917656,1,2
K43F,0.7542357478150115,0.7736321545117689,0.03717729535689707,2
K43G,1.050184024788277,0.7043939283916009,0.34579982645017454,7
K43H,1.1920220744448355,1.3848949743228665,0.2274696600259652,4
K43I,-0.00688559727856743,NA,0.0784729898672896,1
K43L,1.1791545432570008,0.3287040598343706,0.14297163068992605,2
K43M,1.3179844087693209,0.46243668356383955,0.00672433856544771,4
K43N,0.6851153448247783,0.6903203468621796,0.03717729535689707,2
K43Q,1.3912258443983858,0.6529957350422182,0.05455489360024503,2
K43R,1.4660384273475748,0.2572511113101041,0.02537248306173936,2
K43S,1.1188671557853558,0.8505137992523174,0.13370850537714413,8
K43T,-0.1327994550387392,NA,0.0784729898672896,1
K43V,0.1478031006383503,NA,0.0784729898672896,1
K43W,1.3198102251352382,0.7801592252767605,0.01356310517061312,3
K43Y,1.0140100703891544,NA,0.8604765235964448,1
K443A,1.1998747944048174,4.191601963313317,1,2
K443C,0.5574137213547896,1.0815245078154831,0.00100395996139489,3
K443D,0.21178919498333423,0.02381089444851263,0.00670247635973442,2
K443E,0.1374737829426872,0.7795228968512149,0.00100395996139489,3
K443F,0.6704330453683326,0.751969387215755,2.283451591197548e-4,4
K443G,0.16963695291719866,1.489104055529995,0.00100395996139489,3
K443H,0.6801489599500999,1.0434314488573049,0.00516530906506964,7
K443I,1.037490133876641,1.6340577652766344,0.8596685358545002,5
K443L,1.146638261163294,1.4856833953265591,0.7935131457583654,5
K443M,0.7227118553611751,1.4307233243311392,0.3203405655920512,3
K443N,0.42082799905432566,1.7863548873777233,0.00670247635973442,2
K443P,0.2432931457608477,1.854853738920074,0.0030944431235873,4
K443Q,0.6001909735558982,1.1052185256762257,0.02923062169005782,5
K443R,0.9148218522798224,0.8719958247251478,0.7935131457583654,5
K443S,0.8078924123903466,0.67710030541809485,0.12044725132751467,2
K443T,0.5295090038885492,0.4025178677138107,0.00100395996139489,3
K443V,0.7187368123484914,NA,0.0784729898672896,1
K443W,0.4810444453523609,1.3736422092935123,0.0993402296771224,4
K443Y,0.7178714712537673,1.138796075454401,0.09440891631837545,6
K453A,0.834715590368468,0.7543134579064594,0.0993402296771224,4
K453C,0.7271199437397332,0.4664620208580052,8.234839656204272e-5,10
K453D,0.3904295641485014,1.1591645457661606,0.00176390953576537,6
K453E,0.6296502076076723,0.37782558581201386,9.056317870165991e-6,7
K453F,0.7521840874771446,0.9463542822942465,0.03985546329949561,7
K453G,0.6301039888856422,1.33304203037298,0.00936824245424181,9
K453H,0.8382262871012957,1.300538797332508,0.828462985177618,7
K453I,0.7627145571403658,0.38945268924300275,1.40808326885177e-4,7
K453L,0.919187796597846,0.7918299071740457,0.1448141724186701,9
K453M,1.113092966118553,0.08442758297086372,0.25756174224382117,2
K453N,0.3774937810395853,0.5090709357954556,0.00100395996139489,3
K453P,-0.05595298811788553,NA,0.0784729898672896,1
K453Q,1.001569607427666,0.7924289020352543,0.900264146965973,3
K453R,1.014033974606837,0.3814235420126653,0.9421091304595498,3
K453S,0.9313875585592029,1.3354194883077382,0.3186891906305438,4
K453T,0.6421769459591357,0.6895429831998184,0.00140615608606625,4
K453V,0.7639749649933739,0.5169553907380446,0.03152006756051927,6
K453W,0.5075098150610589,0.5003787819434107,1.5321237326539065e-6,9
K453Y,1.1412832975303466,1.0742976704384093,0.9502721677275988,4
K456A,1.0218089534109625,0.4074584331162868,0.9421091304595498,3
K456C,0.991206000187713,0.7788954486859592,0.7201850368792672,7
K456D,1.0298340484181807,0.8292645692334614,0.7838137751095027,6
K456E,1.0950494738169296,0.6697916991094832,0.10016388477976104,10
K456F,0.9379800932880475,0.9208804419191484,0.48504890946713675,5
K456G,0.7954546017608363,0.43108194578531905,0.03037405870492936,3
K456H,0.8780782502610623,0.8185847935260675,0.0784729898672896,8
K456I,1.259447198957149,1.3658178980194478,0.12038707325399332,3
K456L,1.097388346075018,1.5776602751149602,0.8130372625140023,6
K456M,0.9802568621900454,0.2951506883633044,0.6939951216197839,5
K456N,1.0156030164964782,0.8435942256744202,0.8015814778599476,7
K456P,1.053419744793147,2.112424027435534,0.9564382757329029,5
K456Q,0.9473996616905058,0.7268309607588579,0.9892435357924494,7
K456R,0.9063498454499328,1.2111878904593842,0.5540686617454618,4
K456S,1.094553948093017,0.9620032682066676,0.25937088162840655,7
K456T,1.1632706060154323,1.4841364797951802,0.40461212134208824,6
K456V,1.0284018962267922,0.5015277753306268,0.25288397162614923,8
K456W,1.054268090481482,1.6229446781305288,0.7475609612232776,7
K456Y,0.8645456347333242,1.574963182801758,0.6127169598847068,2
K467A,1.208313744958942,0.17297642802974997,0.0784729898672896,2
K467C,0.9024459227751952,1.365810216356862,0.25288397162614923,8
K467D,1.3321458953801182,1.147114752876577,0.17030317271118453,4
K467E,1.355295669921095,1.4635042204982802,0.00772123743068705,6
K467F,0.4507014833915723,0.5967209600615423,0.00100395996139489,3
K467G,1.038585866096125,0.9780454492299628,0.8648660412580148,2
K467H,0.6658659866629527,0.3291812573559894,0.00100395996139489,3
K467I,1.0220190183186966,0.9186757990338984,0.8058373329238503,9
K467L,0.8169377735875591,NA,0.28938153191874405,1
K467M,0.6489191598029983,0.47167211177275786,0.00100395996139489,3
K467N,0.63662272474357,1.565359512888606,0.4798917746791818,2
K467P,0.4681272150865273,0.6451787366823943,0.00670247635973442,2
K467Q,0.744384499391764,0.48087414917583454,3.865213370933424e-4,5
K467R,0.7284677752533416,NA,0.0784729898672896,1
K467S,0.9000088982828617,0.9261528755509932,0.5888373040908835,4
K467T,0.6349763198265074,NA,0.0784729898672896,1
K467V,0.7981697524055045,0.6200182173761043,0.0784729898672896,2
K467W,0.13810348258932645,1.8220116255048688,0.0719156310858786,4
K467Y,0.6271367525525534,NA,0.0784729898672896,1
K471A,0.6812032430771731,0.8929053855771248,0.00100395996139489,3
K471C,0.7659257372074606,NA,0.0784729898672896,1
K471D,0.9655957657339724,0.36518980766758025,0.4569532679936771,5
K471E,0.9901037376738088,1.1945504817620878,0.8648660412580148,2
K471F,0.7342131691699758,0.48326709457008193,0.03763209617846637,3
K471G,0.8417712164782674,0.4457185799330411,0.3227477214826509,2
K471H,0.7677847437633324,0.15219963744733916,0.01306210637237683,2
K471I,0.7302251523123559,0.45915729828847945,0.03717729535689707,2
K471L,0.6790868549798879,1.0262875187693878,0.00197161797329435,3
K471M,0.5166615322701065,1.2042684168137512,0.04626421448004381,3
K471N,0.9044568674759486,1.1394838648457395,0.5262341628279178,3
K471P,0.24357492828371205,0.8206309918276511,0.00100395996139489,3
K471Q,0.7319893700729974,1.0297608434714918,0.12044725132751467,2
K471R,0.764906489102195,0.03298889807978446,0.00670247635973442,2
K471S,0.7384659280072857,0.3690789877936171,0.03717729535689707,2
K471T,0.7483133217007877,0.6262224555530619,0.00670247635973442,2
K471V,0.6104384666193579,1.1769502954357134,0.00657237572356699,3
K471W,0.7824317367527471,0.6291763466540213,0.04369869265152119,5
K471Y,0.7428942900980506,1.0520419956412772,0.03037405870492936,3
K479A,0.7578520398184206,0.5070517751608218,0.03717729535689707,2
K479C,1.0093154981069272,NA,0.8604765235964448,1
K479D,0.6766322892320027,1.962056528921622,0.1943125410718501,3
K479E,0.9123676392553596,0.41050528672553743,0.5231203253492065,2
K479F,0.7601234937689401,NA,0.0784729898672896,1
K479H,0.7167985374452696,NA,0.0784729898672896,1
K479L,0.6612025853671775,NA,0.0784729898672896,1
K479M,0.8831193512432165,NA,0.48724891228879685,1
K479N,1.1378708522206558,NA,0.3567978008197837,1
K479Q,1.050889381763024,NA,0.6127169598847068,1
K479R,0.8737956719516534,NA,0.48724891228879685,1
K479S,0.8986118704393777,0.38807886102617706,0.5231203253492065,2
K479T,1.1291921977041872,NA,0.42138064384369345,1
K479V,0.9870737128211592,0.6224762642647447,0.9208486515373484,2
K479W,0.6738472737568371,0.7487226949617309,3.865213370933424e-4,5
K479Y,0.6062611654659117,0.6767292953472095,0.00670247635973442,2
K99A,1.3025851781678104,0.1104669980519391,0.05455489360024503,2
K99C,1.5823788202920297,0.7325929902507,0.02537248306173936,2
K99D,1.1812965477849664,0.6245852006197758,0.19546676743120336,5
K99E,1.6813498353551637,1.1243904344491824,2.402862094483411e-5,11
K99F,1.530706385185266,0.5804214688949525,2.283451591197548e-4,6
K99G,1.5332616135015942,0.7552324252390411,6.608881137743899e-4,6
K99H,1.267763018688467,2.0005970441469376,0.12044725132751467,2
K99I,1.305738333718188,0.7073815130262925,0.00670247635973442,7
K99L,1.4555774403197117,0.7760735372223934,0.00108908666858039,6
K99N,1.5523843869272007,0.9933479896143788,0.00860181310711208,4
K99P,1.7028699051814404,0.6714039502664321,0.02537248306173936,2
K99Q,1.342968765791016,0.8674365709628057,0.00772123743068705,6
K99R,1.1776052386384832,0.7119294086456984,0.12044725132751467,2
K99S,1.3385688938277698,1.5131427109283726,0.17030317271118453,4
K99T,1.3474810489814182,0.5704203282617297,0.00412473666052634,5
K99V,1.344137400728035,1.0377499778480574,0.0071834889899043,7
K99W,1.4906927521625717,1.016120894035102,1.40808326885177e-4,7
K99Y,1.2421038472694088,0.25890375166826496,0.01815831190893647,3
L132A,0.09971673975386186,NA,0.0784729898672896,1
L132C,0.2027038003970248,1.1800151035509945,0.00100395996139489,3
L132D,0.29569999115387935,2.7582708210031375,0.3965561234330861,2
L132F,0.13642637904575064,0.7785796330603558,0.00100395996139489,3
L132H,0.26154898751062833,0.5333491523934334,2.283451591197548e-4,4
L132I,0.2161968293136576,0.5112450010160232,0.00100395996139489,3
L132K,-0.28604852147540494,NA,0.0784729898672896,1
L132M,1.5328022914550403,0.2792072902876685,0.02537248306173936,2
L132P,8.429526857198937e-4,0.7113842343536316,0.00670247635973442,2
L132Q,0.8699830208695661,0.7306328361501104,0.2697718381978002,5
L132R,-0.11955268542844194,NA,0.0784729898672896,1
L132S,0.3208207756597949,1.6507630174945191,0.03362885567420154,5
L132T,0.3910752143155329,NA,0.0784729898672896,1
L132V,0.19691303097579327,0.49348319109057687,0.00670247635973442,2
L132W,-0.06659447740647143,0.6722590719213828,2.527960631040945e-5,6
L132Y,1.058679768802531,NA,0.6127169598847068,1
L150A,0.8130609439577934,0.44300783350896766,0.03820378506181919,5
L150C,1.0819701321287785,0.5896685035839464,0.26545612759041776,6
L150D,0.1407233462566226,0.6264121574107446,0.00670247635973442,2
L150E,0.3635271528031336,NA,0.0784729898672896,1
L150F,0.9817836179920162,1.7858225322232604,0.9564382757329029,5
L150G,0.26472337433234555,1.058915120710472,2.283451591197548e-4,4
L150H,0.9289933020661038,0.7758469225177873,0.21078587579850724,8
L150I,0.12936396372905537,2.443998085774981,0.04369869265152119,5
L150K,0.23497151096203825,0.18473410081954456,0.00100395996139489,3
L150M,1.251714084741337,0.6255224112712822,0.05455489360024503,2
L150N,0.5969308384433268,2.429503201337563,0.7110905779254132,2
L150P,-0.00798103505881705,0.8359862199256075,7.05439497255035e-5,5
L150Q,1.0863492092761498,0.8666936221550523,0.4041082900205792,7
L150R,0.3462241289705524,1.4091864670429797,0.00670247635973442,2
L150S,0.9609959702367068,1.0477736039919954,0.8398264134008441,4
L150T,0.26507656846960415,1.284403468081765,0.01665439159340013,4
L150V,0.32424812365853356,0.5725599950822009,7.05439497255035e-5,5
L150W,0.9485308091607092,0.5352790293114043,0.8907899721027329,5
L150Y,1.0806514278598731,0.4224321114327555,0.3965561234330861,2
L336A,0.932730026499474,0.7530445531459273,0.5213117989226688,4
L336C,0.7347172348340576,0.6192205543992803,0.00101153034097714,5
L336D,-0.01951206768465049,2.083485420322126,0.00904931431767972,6
L336E,0.13220327261649095,1.4804203974316024,0.00100395996139489,3
L336F,0.35857789044933935,1.4092352224938127,0.00100395996139489,3
L336G,0.6117714871401736,0.5379016680657199,0.00670247635973442,2
L336H,0.3584887652929194,0.8611361905442809,0.00100395996139489,3
L336I,2.0211972837402925,NA,0.0784729898672896,1
L336K,0.24591212445652785,NA,0.0784729898672896,1
L336M,0.31966321178294005,1.4868213315931011,2.283451591197548e-4,4
L336N,-0.0938030460521442,NA,0.0784729898672896,1
L336P,-0.0875959810561326,0.406957033732903,7.05439497255035e-5,5
L336Q,0.3688474656635285,1.217550116230245,7.05439497255035e-5,5
L336R,0.2632248870248626,0.31394772472862204,0.00670247635973442,2
L336S,1.0568404667087032,0.37223052997658873,0.28394645028791476,6
L336T,0.623535544822846,0.47214796377234985,0.00670247635973442,2
L336V,0.7065417709532548,0.4185532877613243,8.81844476395984e-4,4
L336W,0.8420708558261885,0.44497857456882023,9.152453283776664e-4,7
L336Y,0.6156858025770557,NA,0.0784729898672896,1
M154C,0.7987221903429707,1.4362926776955856,0.35146967301625903,3
M154D,0.6387158065352547,1.0162938173027536,4.488868221589321e-4,4
M154E,1.0619507830180503,2.3133371045193853,0.9817891420927596,3
M154F,0.6921495810581595,NA,0.0784729898672896,1
M154G,0.7598163634355295,NA,0.0784729898672896,1
M154H,0.918242486560502,1.0311098104016423,0.3203405655920512,3
M154I,1.0970951597930356,NA,0.5521063177123177,1
M154K,0.8125697135036887,1.7347245578492927,0.00670247635973442,8
M154L,0.8733218062574611,0.23989646659583264,0.3601616184423321,2
M154N,0.6887662706524083,NA,0.0784729898672896,1
M154P,0.8764400450047889,0.27461143208030153,0.21665212674551543,3
M154Q,0.4889200152065723,NA,0.0784729898672896,1
M154R,0.7410270612865136,NA,0.0784729898672896,1
M154S,0.6889983266340227,0.4995180092221445,0.01356310517061312,3
M154T,0.7143866773721317,NA,0.0784729898672896,1
M154V,0.9706465003732356,1.4245290976550131,0.5540686617454618,4
M154W,0.7534925219944195,NA,0.0784729898672896,1
M231A,1.005778293341475,2.077742358524873,0.9744145469022636,2
M231C,0.48630234530175986,NA,0.0784729898672896,1
M231D,-0.05158622708117275,0.466347156091259,0.00100395996139489,3
M231E,-0.0933930275422868,0.6375990492912248,0.00670247635973442,2
M231F,1.6376217970932094,0.6745731411146912,2.527960631040945e-5,9
M231G,0.1405726634803826,0.7334560434736289,0.00100395996139489,3
M231H,0.40937495217315534,NA,0.0784729898672896,1
M231I,1.128544390429124,0.9462902875128626,0.3227477214826509,2
M231K,-0.12126894951049,0.30583878076098947,0.00100395996139489,3
M231L,1.4927827315286186,0.8942469834251308,0.03717729535689707,2
M231N,-0.19543027882186328,0.4755670334059752,0.00670247635973442,2
M231P,-0.16630236090649428,0.498400707390502,2.283451591197548e-4,4
M231Q,0.2440531800616924,2.1075730999652698,0.00100395996139489,4
M231S,-0.18244254984363703,NA,0.0784729898672896,1
M231T,0.9967848953165273,1.5883750461396158,0.9744145469022636,2
M231V,0.8392018086526546,1.07918419619468,0.6201555141506343,4
M231W,1.4697636230555091,1.1182744844456205,0.03449518974104751,4
M326A,2.2824935733805787,NA,0.0784729898672896,1
M326C,1.369536537248604,1.3282593777211529,0.2914186938287876,3
M326D,0.6154231957367531,NA,0.0784729898672896,1
M326F,0.8134963608193596,0.9917585949665856,0.02787421826016272,6
M326G,1.687273522275162,0.27353913284651155,0.00657237572356699,3
M326H,1.9165516425586553,NA,0.15117895095110237,1
M326I,1.618155693387838,NA,0.15117895095110237,1
M326L,0.7682911069761065,1.5454312880334815,0.35146967301625903,3
M326R,1.4939313849373848,NA,0.15117895095110237,1
M326T,1.7556797991022657,0.15741053644226202,0.02537248306173936,2
M326V,1.536515004704292,0.07157805063744288,0.02537248306173936,2
M326Y,1.3376207240778943,1.1279119473404018,0.0930048592485076,5
M328A,0.6032384753837409,0.45438644424531177,7.05439497255035e-5,5
M328D,0.34523080159041103,1.5582605057745822,7.05439497255035e-5,5
M328E,0.7332504971355633,2.054053857043124,0.660464251786378,2
M328F,1.8838802525877716,0.3799610888166701,2.283451591197548e-4,5
M328G,0.7406634012470149,NA,0.0784729898672896,1
M328H,1.2587893380560404,0.5960766438655205,0.01341772692290229,5
M328I,1.9648771547142645,1.0715871066138876,6.305606727008766e-6,10
M328K,0.00868800067911257,1.9180646814085536,0.01665439159340013,4
M328L,1.6809846550301817,1.2374693856928467,2.1171563058948616e-4,6
M328N,0.35812584940586273,0.8366310073064607,7.05439497255035e-5,7
M328Q,0.31828703686235765,1.2037049308996937,0.00100395996139489,3
M328R,1.2085334532682692,2.4564060872428524,0.41559316630157495,3
M328S,0.32212463013097103,0.3951817158245693,7.05439497255035e-5,5
M328T,1.0539747962848305,2.4191275234840712,0.512690866491354,5
M328V,1.9168273913790548,0.9423098838159129,4.241670955120985e-6,10
M328W,1.1832351884979109,1.6491315312286416,0.5416704673220386,5
M328Y,1.928445577981707,0.5701820216896814,2.283451591197548e-4,5
M340A,0.628751108818126,0.14146586327241015,0.00670247635973442,2
M340C,0.6762424215309416,1.0466011501025063,0.0784729898672896,4
M340D,0.5336200940363396,1.6115735662500763,0.00670247635973442,2
M340E,-0.05614014677902482,0.20163725109910569,0.00670247635973442,2
M340F,0.7727094366005958,0.4191311262950129,0.00412473666052634,5
M340G,1.041250051314581,0.6112451642927502,0.2308445988400687,5
M340H,0.5918743997454654,0.3953814441429675,2.283451591197548e-4,4
M340I,0.3154766983383916,0.9832834643228052,2.283451591197548e-4,4
M340K,0.1705973594402319,0.5987410050328732,0.00670247635973442,2
M340L,0.5030150780981917,0.08737776932360378,0.00670247635973442,2
M340N,0.9181528879090848,0.5650632829611032,0.10441217554311712,3
M340P,0.3139031156914098,2.088151399992632,0.02923062169005782,5
M340Q,0.9646641812330224,0.7633353819513525,0.9502721677275988,4
M340R,0.07537420911523914,0.40056597578585545,0.00100395996139489,3
M340S,0.9437690966268484,1.1837768876937194,0.488042729724844,4
M340T,0.7886276047798375,0.3806657507025455,0.00783754885514079,5
M340V,0.6318872552217575,1.944035426075274,0.2717869157149173,4
M340W,1.2518535077712318,0.84951872028027,0.00347001783072326,14
M340Y,0.7466887412876807,0.48629071992001394,8.454877707219603e-4,8
M345A,0.2906575624217932,NA,0.0784729898672896,1
M345C,0.7018918083767809,0.8426113521514741,0.10441217554311712,3
M345D,0.1403567307966123,0.1978571326174153,0.00100395996139489,3
M345E,1.326783732198864,1.113295978346818,0.01045828676512112,11
M345F,0.8460398821471953,1.1524128584745064,0.03980579479517703,6
M345G,1.4917259841155505e-4,NA,0.0784729898672896,1
M345H,1.0724136564153075,0.7452827976180297,0.1019109581310314,7
M345I,1.6741746443268002,1.0990877881024197,5.8944500658781045e-5,11
M345K,0.05312135680264172,0.7027323438372846,0.00100395996139489,3
M345L,0.717868722729735,0.9693840649491064,0.02915766184465152,4
M345N,0.7882223294469303,0.4478288687605087,0.00860181310711208,4
M345P,0.01815634790222455,0.32158529256567897,2.283451591197548e-4,4
M345Q,1.5531158587163052,0.6273920686233474,7.873327690364175e-6,12
M345R,0.3932801349328384,1.6257657870443143,0.07175048364046581,5
M345S,0.28446439528138096,0.25199717819273126,0.00670247635973442,2
M345T,1.4436041434099098,NA,0.15117895095110237,1
M345V,1.1683272670682017,0.9675891777874834,0.04910947729810053,7
M345W,0.28438733480604866,1.943438141986726,0.00100395996139489,3
M345Y,-0.0118276075057319,0.5228004797665904,9.056317870165991e-6,7
N123A,1.0478140809252574,0.44276880134856406,0.3974155420077894,4
N123C,0.8430609502186276,0.8726990279357039,0.04732920401073794,8
N123D,0.8598506881442646,1.0860554246197918,0.00670247635973442,8
N123E,0.5207997625532977,1.7416029589730913,0.15705172880312945,6
N123F,0.42939252549209095,0.5119958204101407,0.00100395996139489,3
N123G,0.767503916842212,1.106135921381534,0.03580834144618692,8
N123H,0.2924052444758071,0.7703278422258604,0.00100395996139489,3
N123I,1.0889452939812287,1.5156166670055626,0.9841557256394828,4
N123K,0.8643402251558019,2.7050969927523147,0.660464251786378,2
N123L,0.845807168394184,1.3255422899970095,0.2929519314441547,4
N123M,0.9520629736945524,0.7134290633795329,0.735576684372365,9
N123P,1.4864901471545289,1.0623684707246313,5.144282817993453e-4,11
N123Q,0.7129192681450236,0.8403962805122385,0.02386084487874983,3
N123R,0.5309716897651673,2.3237176455022346,0.2697718381978002,5
N123S,1.2842175183070283,1.151720327357888,0.512690866491354,5
N123T,1.171055377001984,0.10298826389964837,0.09761232697092598,2
N123V,0.37818031819539255,0.7653933898449167,2.527960631040945e-5,6
N123W,0.14589751958102254,1.5647789283754556,0.00904931431767972,6
N123Y,0.21408113935992187,0.9077424908114708,0.00670247635973442,2
N168A,0.5252642790945473,1.2650832473306246,0.02453590234038213,4
N168C,0.36917419561814985,0.7379914951724853,0.00670247635973442,2
N168D,0.5336712023909818,0.7598818510021204,9.081132065983166e-4,5
N168E,0.3360764911969319,0.9116569708454696,0.00100395996139489,3
N168F,-0.10710030878354353,NA,0.0784729898672896,1
N168G,0.4478552942074503,1.9214186286741288,0.03449518974104751,4
N168H,0.4788565166488573,0.3427036466979354,2.283451591197548e-4,4
N168I,0.15211690768157174,0.4323475320301602,0.00100395996139489,3
N168K,0.2648313315210244,1.743596866541386,0.0719156310858786,4
N168L,0.7070132088211104,1.3408451031534818,0.0993402296771224,4
N168M,0.00763992257401192,0.2541917677561462,0.00670247635973442,2
N168P,0.20582054786931564,1.5011864759174214,2.283451591197548e-4,4
N168Q,0.4311901637425803,0.21069595302899063,2.283451591197548e-4,4
N168R,0.3325194757975923,0.4827141090426963,0.00670247635973442,2
N168S,0.7528780081793084,0.6893392111458926,0.00234328896653022,8
N168T,0.7666801986268624,0.5333379008395781,0.04626421448004381,3
N168V,0.3824166930117032,0.3208795165524833,4.125939936200478e-6,8
N168W,0.00868838935247414,0.1892944867947355,7.05439497255035e-5,5
N168Y,0.21866581052221637,NA,0.0784729898672896,1
N412A,-0.05004684579670964,0.8143070561466145,0.00100395996139489,3
N412C,0.0657895835290356,0.8648754486257232,0.00100395996139489,3
N412D,0.3549030441464407,2.62299696754861,0.3203405655920512,3
N412E,0.3999668553336918,2.3761907236383877,0.01815831190893647,7
N412F,0.3827011790329936,1.175152334394301,2.283451591197548e-4,4
N412G,-0.1649661560497375,0.3863564404588086,2.283451591197548e-4,4
N412H,0.48337140729725,2.481322943485563,0.38196928510298733,3
N412I,-0.03314398660985322,0.6212806069519162,0.00100395996139489,3
N412K,-0.2372206904913607,NA,0.0784729898672896,1
N412L,-0.18771275260415196,0.7396479693815607,7.05439497255035e-5,5
N412M,0.13227732327167951,0.6490623674070206,2.527960631040945e-5,6
N412P,-0.02055642182753294,0.8998640076487557,0.00100395996139489,3
N412Q,0.34359665740182455,1.789218453886407,0.00670247635973442,2
N412R,0.1616433766157939,1.5005935179060637,1.1794621587629928e-4,8
N412T,0.01947594257205473,1.0170369978404965,0.00100395996139489,3
N412V,-0.13430399639437737,0.10846697578828124,2.283451591197548e-4,4
N412W,0.17429203359247963,1.3653458040370308,0.00100395996139489,3
N412Y,0.01385916082852348,1.3294214643206868,0.00670247635973442,2
N415A,0.3992559478708706,NA,0.0784729898672896,1
N415C,0.4990458121592393,NA,0.0784729898672896,1
N415D,-0.22067414492749268,0.6338189211554864,2.527960631040945e-5,6
N415E,0.12791261163921125,0.9745756445914616,9.056317870165991e-6,7
N415F,-0.07485831439310625,0.6067043997579633,9.056317870165991e-6,7
N415G,0.80845220599364,0.4103185395064554,0.01665439159340013,4
N415H,0.14203859564820978,0.6491605363510137,4.125939936200478e-6,8
N415I,0.8828849116104981,1.2989226076285656,0.13460414217079064,6
N415K,0.0935756051488256,2.5366578962521915,0.04369869265152119,5
N415L,0.04839136359470829,0.49491968778026074,2.283451591197548e-4,4
N415M,0.06959249760033343,0.3891830886730221,2.283451591197548e-4,4
N415P,-0.03126476569925465,0.5165751551371036,2.527960631040945e-5,6
N415Q,0.3504802098734758,0.45543864036756265,2.283451591197548e-4,4
N415R,-0.07416872233534358,1.3880714551620064,1.40808326885177e-4,7
N415S,0.2879768042341872,0.4410973103281829,0.00100395996139489,3
N415T,0.41292092057280527,1.3205047311294835,0.03717729535689707,2
N415V,0.2470113896039108,0.4806909216346644,2.283451591197548e-4,4
N415Y,0.05829164613957918,0.8927601917202865,2.283451591197548e-4,4
Q142A,1.6865146289085309,NA,0.15117895095110237,1
Q142C,1.419847048028532,NA,0.15117895095110237,1
Q142D,1.8865443289391224,1.5106550492720214,0.00100395996139489,4
Q142E,1.5789132692364174,0.03683645924460644,0.00657237572356699,3
Q142F,0.9243676658704308,1.4406306104007136,0.16484169605191093,5
Q142G,0.8267006363946313,0.7201874301411417,0.1367725907457598,3
Q142H,1.4129931082157896,1.0703596115060667,0.15328973611573038,4
Q142I,1.5684439232507483,0.05818683847212646,0.02537248306173936,2
Q142K,1.2953585727131696,2.0013398915387293,0.9744145469022636,2
Q142L,0.6581847644829232,1.3916027915557747,0.0993402296771224,4
Q142N,1.3703508585808608,1.5601932849050018,0.2914186938287876,3
Q142R,1.0289144557349783,0.4208703895992588,1,2
Q142T,1.760825461113089,0.3814379741623393,0.00140615608606625,4
Q142V,1.669710422513368,0.948175245277694,0.00100395996139489,5
Q142W,1.543522789985802,0.8752854341548798,0.02537248306173936,2
Q142Y,1.4931529246968658,0.25270170791355145,0.02537248306173936,2
Q247A,1.09527924529773,0.7841945879431763,0.11411277487534605,5
Q247C,0.7668305977177796,NA,0.0784729898672896,1
Q247D,0.9970881990531218,NA,0.9183882146736088,1
Q247E,1.008333040374453,1.3807326342756334,0.665086847843832,6
Q247F,0.8260226667880185,0.8654043442965695,0.2914186938287876,3
Q247G,0.4234896314066508,0.5943261217960679,2.283451591197548e-4,4
Q247I,0.9797297510844476,0.3592738119961297,0.7621096057720105,2
Q247L,-0.02923607845370233,NA,0.0784729898672896,1
Q247M,0.5948126632203099,0.7276804596309197,0.00670247635973442,2
Q247P,-0.1026761669542494,NA,0.0784729898672896,1
Q247R,1.0163273248736775,0.5668230783546435,0.5231203253492065,2
Q247Y,0.9577268307280878,1.373655461092216,0.8648660412580148,2
Q406A,0.5760210580237833,0.9686221864820902,0.00670247635973442,6
Q406D,0.9462449621083698,NA,0.8604765235964448,1
Q406E,1.0764755330899665,0.9437518398612116,0.5416704673220386,5
Q406F,0.749569658981962,0.08286993364505828,0.00670247635973442,2
Q406G,0.4130368003092493,1.1595602662303544,0.00860181310711208,4
Q406H,1.02065283025652,0.271589320159484,0.6076176698525749,3
Q406I,0.2494876411333583,NA,0.0784729898672896,1
Q406K,0.867179700910769,0.645033813143944,0.1943125410718501,3
Q406L,0.6206901993718698,0.5179201466860172,3.44701549979039e-4,6
Q406M,0.4487685433280948,1.4870751607183963,0.00100395996139489,3
Q406N,0.7676787186290911,0.8667724303218376,0.12044725132751467,2
Q406P,0.27710194737078836,1.4147134872215166,0.00670247635973442,2
Q406R,0.926191235134109,0.5396123979692626,0.6619688889991262,5
Q406S,1.0564945189392452,NA,0.6127169598847068,1
Q406T,0.9659298735434588,NA,1,1
Q406V,0.7654718044159865,0.10550291894039648,0.01306210637237683,2
Q406W,0.5309172748533161,1.8458432063615944,0.12468635756348118,4
Q406Y,0.4926476326997813,0.4942587907164706,0.00100395996139489,3
S129A,1.1869485924692689,0.6716655340548787,0.1019109581310314,7
S129C,0.08852407285307724,1.2459901782935028,2.283451591197548e-4,4
S129D,0.6295509967641333,0.912645986625478,3.2624484930635474e-5,7
S129E,1.1754671398829406,1.1116068618342436,0.1885351937801961,4
S129F,-0.3886083074927566,NA,0.0784729898672896,1
S129G,1.570288369291678,1.0190293413953997,0.00176390953576537,6
S129H,0.08143957263491707,NA,0.0784729898672896,1
S129I,-0.12793330250493962,0.15115584336961435,0.00670247635973442,2
S129L,0.06276033162514182,0.8481871397215006,7.05439497255035e-5,5
S129M,0.1511655484548444,0.2488390774351916,0.00100395996139489,3
S129N,-0.0537098836352723,0.44324740987452066,7.05439497255035e-5,5
S129P,0.16273700401041533,0.4406682313198596,2.283451591197548e-4,4
S129Q,0.393636652412638,1.766013463297882,0.01226920242834923,6
S129R,-0.12923247042803615,0.44786006363417513,0.00670247635973442,2
S129T,1.1938497963301034,0.32309818730481776,0.01341772692290229,5
S129V,-0.1116411010799392,0.24949584906486055,2.283451591197548e-4,4
S129W,0.19160184230130972,1.597156220398228,0.00670247635973442,6
S129Y,0.02433252916366642,0.3979075927137377,7.05439497255035e-5,5
S444A,1.1089555319782642,0.9680201271763248,0.4569532679936771,5
S444C,1.203232202462666,1.2785579097190771,0.2929519314441547,4
S444D,1.273846307906401,0.5040398638723778,0.05455489360024503,2
S444E,0.9029918067324892,0.9623790267073818,0.3823153733412445,6
S444F,0.3981193336671523,NA,0.0784729898672896,1
S444G,1.1537605118191552,1.147828269703387,0.2308445988400687,5
S444H,0.8226946647496322,0.3918745714693861,0.10441217554311712,3
S444I,0.5617751180740955,1.7127114357212454,0.1943125410718501,3
S444K,0.9380159055527536,0.48646591526989047,0.3965561234330861,2
S444L,0.834806076802508,0.1257879112572196,0.02026323046563968,4
S444M,0.9021599662312207,0.8714568533671636,0.1885351937801961,4
S444P,0.02518103320657961,0.6166718447911127,0.00670247635973442,2
S444Q,0.8751143305999628,0.9723667108483006,0.41559316630157495,3
S444R,1.090968576864136,NA,0.6127169598847068,1
S444T,0.9480821679937436,1.0466416238856118,0.2308445988400687,5
S444V,0.8846007672481461,1.3637743962207345,0.3203405655920512,3
S444W,0.6920559080871288,0.1604361973291331,0.00670247635973442,2
S444Y,0.7540978872153192,1.390505364364467,0.06277323568781315,4
S446A,0.9367199461577416,0.4027692348177673,0.6116071362156066,6
S446C,1.1556595661745348,1.412283650439036,0.13926506910297515,4
S446D,0.6983827378898251,0.5510719045745632,0.00657237572356699,3
S446E,1.117441943659969,0.6323010129333028,0.3000319419758902,6
S446F,0.9987644257911976,2.037062586168285,0.8135848168360769,3
S446G,0.8581760262292198,0.6529626376395924,0.05579563478617253,6
S446H,0.8390523656306795,0.5198748183137144,0.0784729898672896,4
S446I,0.869046016316112,0.43965945966490055,0.00836876560292796,9
S446K,0.8945935103903869,1.1923338264452468,0.41559316630157495,3
S446L,0.9459746720766676,1.0144414341597168,0.5030801180329811,6
S446M,1.2237295643173003,0.8333584682569307,0.2308445988400687,5
S446N,0.7576455037065227,0.7896092860414008,0.00672433856544771,4
S446P,0.1933934180538363,0.2317234039625791,7.05439497255035e-5,5
S446Q,1.1057191541150828,0.2603549494142467,0.2667688497882047,3
S446R,1.1973486272825962,1.972509113099766,0.9744145469022636,2
S446T,1.1839689848594164,0.44362698952516577,0.01583553372414223,5
S446V,0.9536646411524116,0.7614213384170615,0.6201555141506343,4
S446Y,1.0066606767751851,0.3803913457137651,0.9744145469022636,2
T91A,1.009753301045767,0.4473286183599905,0.7621096057720105,2
T91C,1.0008823532063773,0.6954511863570745,0.6116071362156066,6
T91D,0.8409030981104159,0.753989264833868,0.06231750943660778,6
T91E,0.8951060725785409,0.9412447877582892,0.13460414217079064,6
T91F,1.0781514139040862,0.7239741757530861,0.30840631096970744,7
T91G,1.0506201550848266,1.1019335562405064,1,7
T91H,1.025547855442218,1.8164621284071605,0.8648660412580148,2
T91I,0.914799110185733,0.4710961527231755,0.6076176698525749,3
T91K,1.055509081303325,1.2284622686790814,0.8582287939958481,7
T91L,0.8623726214237495,0.7356385027556455,0.0784729898672896,6
T91M,0.9991563948277008,1.2300218781557115,0.36540985029205386,9
T91N,0.847904691936498,0.6233182313450257,0.21665212674551543,3
T91P,0.8506195216108843,1.1633413053066992,0.01815831190893647,7
T91Q,0.7905281239210232,0.9908010830485474,0.03985546329949561,7
T91R,1.019463834698221,1.0729476130381643,0.8135848168360769,3
T91S,0.6362819198699994,0.7363351845942376,0.00100395996139489,3
T91V,0.970708166690916,0.7655210256968622,0.5213117989226688,4
T91W,0.9575115948469168,0.8241240690934211,0.7662731595910065,8
T91Y,0.929425644169822,0.4081032762951772,0.34462162502227706,4
V106A,1.0587727627949892,0.6004985823481395,0.7935131457583654,5
V106C,0.7733307155457265,NA,0.0784729898672896,1
V106D,-0.04754993467872411,NA,0.0784729898672896,1
V106E,0.36689404310547746,2.193938446389043,0.12468635756348118,4
V106F,0.42681254597636303,NA,0.0784729898672896,1
V106G,-0.0503630998294954,1.5093404248176618,2.283451591197548e-4,4
V106H,-0.15425514593575818,0.7835115610794383,0.00100395996139489,3
V106I,0.45301605713078896,1.5208818155654786,0.00387321069437786,3
V106K,0.36213785121172026,NA,0.0784729898672896,1
V106L,0.4493078322359064,0.763215608566856,0.00670247635973442,2
V106M,0.2270906133166832,0.32969511622963754,0.00670247635973442,2
V106N,0.0169869163197432,1.3523097821757084,0.00100395996139489,3
V106P,-0.1519625868165654,0.1900097341552179,0.00670247635973442,2
V106Q,-0.05597887032105667,NA,0.0784729898672896,1
V106R,-0.06338213007979297,0.802006488639111,0.00670247635973442,2
V106T,0.5818892895183624,NA,0.0784729898672896,1
V106W,0.8764742174999129,2.4908734607471303,0.6127169598847068,2
V106Y,0.21960286762441164,NA,0.0784729898672896,1
V156A,0.5424656985942483,2.096126842287124,0.00100395996139489,3
V156C,0.9390917655952336,0.5679625129498721,0.4794358413565712,6
V156D,0.16230167580277588,NA,0.0784729898672896,1
V156E,1.274800380025749,NA,0.28938153191874405,1
V156F,0.2137530266567536,NA,0.0784729898672896,1
V156G,0.15232289064980992,NA,0.0784729898672896,1
V156H,0.3365324749827674,1.3165673399644835,0.00670247635973442,2
V156I,1.1036156383004552,0.6056161864887586,0.2929519314441547,4
V156L,0.8757396694617553,0.06912225778967286,0.19544374627505023,2
V156M,1.236102420771684,0.6297835272134289,0.01352640026541448,4
V156N,0.09957431156087518,0.26964242206007494,0.00100395996139489,3
V156Q,0.6061474931084031,NA,0.0784729898672896,1
V156R,0.13849871243268636,NA,0.0784729898672896,1
V156S,0.08531886800445855,NA,0.0784729898672896,1
V156T,0.8507556441648952,2.183593507778234,0.38196928510298733,3
V156W,-0.2755050824508136,NA,0.0784729898672896,1
V229A,0.8333760432540455,1.3918070686677952,0.21300172221578828,5
V229D,0.9917492025687236,0.5294843174067325,0.9817891420927596,3
V229E,0.8614562544953033,0.5855692284615138,0.15328973611573038,3
V229F,0.9271986170805606,0.2802512340687234,0.8744909886631421,4
V229G,0.8265859121862634,0.5258595327503188,0.03763209617846637,3
V229H,0.660444684290977,1.0510321877589086,0.0784729898672896,2
V229I,0.9288656345736988,0.8501483345104,1,3
V229K,0.984836672703173,0.2454501923666881,0.7621096057720105,2
V229L,1.0235774990644964,1.3284097076292682,0.6917905918312843,4
V229M,0.8234847540988006,1.3335962855986898,0.660464251786378,2
V229N,0.7784903369059071,1.293216256143929,0.19546676743120336,5
V229P,0.4153004325004468,1.756237573378458,0.0784729898672896,3
V229Q,0.8975998596190983,1.0027415972625937,0.5888373040908835,4
V229R,0.8201142957954015,0.7454346541591164,0.09073302434625066,3
V229S,0.927327537031999,1.003624277186436,0.13926506910297515,4
V229T,1.1810219683053986,NA,0.28938153191874405,1
V229W,0.8035600780465767,0.9766954313710292,0.3965561234330861,2
V270A,1.018148927087764,NA,0.7998024314684155,1
V270C,1.281169399943981,0.6785802133918318,0.01226920242834923,6
V270D,0.03140052890357704,0.49624897532504497,0.00100395996139489,3
V270E,-0.10670972866298184,0.33628933502793806,2.527960631040945e-5,6
V270F,1.3313273304545068,1.029913686647302,0.05007057092672339,6
V270G,0.08152784666291533,0.374967300801181,2.283451591197548e-4,4
V270H,0.4067846636733115,NA,0.0784729898672896,1
V270I,0.8829903743852223,0.8750648354239969,0.21078587579850724,8
V270K,-0.02486814282492183,1.1928000623918298,9.056317870165991e-6,7
V270L,1.8670964865975292,0.7564621042301342,7.05439497255035e-5,7
V270M,1.6128421637572317,0.6155432013725132,6.210548426999429e-5,8
V270N,0.7216279239097253,0.13204510790540538,0.00670247635973442,2
V270P,0.13404821418044893,2.031213466055758,0.03362885567420154,5
V270Q,-0.02270962958350028,1.3144080369046354,2.527960631040945e-5,6
V270R,-0.04471316599966906,1.4567998750398632,0.00100395996139489,3
V270S,0.09270046406597655,0.6235929479562513,7.05439497255035e-5,5
V270T,0.9701505454636028,0.648793822256833,0.5061476164824917,8
V270W,-0.03001704293003895,0.9433580423808592,0.00670247635973442,2
V270Y,1.5151486281553987,0.6549993962164641,0.02537248306173936,2
V337A,0.13907928476819734,0.7918784965632045,7.05439497255035e-5,5
V337C,-0.08143606890488352,0.4879921874286636,0.00670247635973442,2
V337E,0.5134685891313567,0.9524104546776134,7.05439497255035e-5,10
V337F,0.4026593437219328,1.6868756616145284,0.00141741625561004,8
V337G,0.19575279689945593,0.02169702786334818,0.00670247635973442,2
V337H,1.100050658260081,NA,0.5521063177123177,1
V337I,1.2584616759111769,0.3684011776345709,0.09761232697092598,2
V337K,-0.2873741848658624,NA,0.0784729898672896,1
V337L,1.0542198838928711,0.9112736232725231,0.9564382757329029,5
V337M,0.9897111150517006,1.3252995678381176,0.9421091304595498,3
V337N,0.682864163151299,NA,0.0784729898672896,1
V337P,0.03387818844535383,0.20155757789377543,0.00670247635973442,2
V337Q,0.5386303990401016,0.809588299888911,2.283451591197548e-4,4
V337R,0.5834754136656369,NA,0.0784729898672896,1
V337S,0.2808718426217933,1.276418077625474,0.00496789372822029,6
V337T,0.0090482606141763,NA,0.0784729898672896,1
V337W,0.17594275318707786,1.3286922720554075,2.283451591197548e-4,4
V337Y,0.5430238472891518,0.4288151749158088,4.776466705050455e-5,6
V98C,1.2067317357546197,0.580590228053761,0.06277323568781315,4
V98D,1.5423492942398316,1.4482275069026336,0.0109025264161523,4
V98E,1.4882214178526016,1.058084392051006,0.0109025264161523,4
V98F,1.2276215534012749,NA,0.28938153191874405,1
V98G,1.3508372867057543,2.9679105492413766,0.2274696600259652,4
V98H,1.2047485156740294,1.0754745574085005,0.02457578605361294,6
V98I,0.8992552247837787,1.8315250375418264,0.660464251786378,2
V98K,0.9405526296760915,NA,0.7998024314684155,1
V98L,1.0218493901117962,0.677278650967065,0.6031513053593818,5
V98M,1.2946793373687373,0.6880647723643777,0.15328973611573038,3
V98N,2.3500476961358387,NA,0.0784729898672896,1
V98P,1.1877723837390737,0.5738853451069645,0.00783754885514079,5
V98Q,1.5861105727813212,0.8113974789862796,0.00657237572356699,3
V98R,1.474671554878099,NA,0.15117895095110237,1
V98S,1.1153837668133293,0.8190091950286696,0.28938153191874405,2
V98T,0.9945622936592904,NA,0.9183882146736088,1
V98W,1.2971802350760464,NA,0.28938153191874405,1
V98Y,1.2742045371527335,0.7113616161021992,0.02386084487874983,3
W128A,1.667344744691556,1.768649652481552,0.04910947729810053,7
W128C,1.7751768991324477,NA,0.15117895095110237,1
W128D,0.7358062854557248,NA,0.0784729898672896,1
W128F,1.2248893370959444,0.20581882133330964,0.0784729898672896,2
W128G,1.6729192991661053,0.9277667508661284,0.00100395996139489,5
W128H,0.923019081691083,0.7718301733676458,0.41559316630157495,3
W128I,1.9782912991373935,0.7871186747613679,1.366360967984267e-4,6
W128K,1.9166744262321216,1.8754764888457829,0.01306210637237683,2
W128L,1.6457688826266808,1.6206533736190378,0.03763209617846637,3
W128M,1.9380276680288329,0.8466582818387071,0.00100395996139489,4
W128N,1.633893739442105,1.6405862180779631,0.05455489360024503,2
W128P,0.15621177330537322,NA,0.0784729898672896,1
W128Q,1.6622936034699414,0.3718266197552237,0.02537248306173936,2
W128S,1.4727406600521884,NA,0.15117895095110237,1
W128T,1.2266607783222847,1.1572136524419705,0.2717869157149173,4
W128V,1.280524151358053,0.6745273539726443,0.02923062169005782,5
W128Y,0.5406938657131628,0.4617880053691606,9.056317870165991e-6,7
Y259A,1.0807185676668096,0.4680015092238155,0.3099143942220743,5
Y259C,1.1693274087158008,0.911938808373292,0.15328973611573038,3
Y259D,1.141201784817765,0.5224461937732094,0.5665404732307675,3
Y259E,0.5601427751210724,NA,0.0784729898672896,1
Y259F,0.9055274946998024,0.717627570322541,0.5540686617454618,4
Y259G,1.1048674376558507,0.30421490328466094,0.3227477214826509,2
Y259H,0.4706481960553321,NA,0.0784729898672896,1
Y259I,0.5198208414932599,0.3146262467911799,0.00100395996139489,3
Y259K,0.01329641830026383,1.037449998527445,0.00670247635973442,2
Y259L,0.3668895850087735,0.7135771827671776,2.283451591197548e-4,4
Y259M,0.7098186783277124,NA,0.0784729898672896,1
Y259N,1.118245515789032,0.7589806097848542,0.7110905779254132,2
Y259Q,1.02527971945705,2.017095211093136,0.9744145469022636,2
Y259R,0.13147947254195355,NA,0.0784729898672896,1
Y259S,1.173325077078729,NA,0.28938153191874405,1
Y259T,0.4419634879697024,NA,0.0784729898672896,1
Y259V,0.8889163507636892,NA,0.48724891228879685,1
Y259W,1.0426028724247094,0.7250191222691329,0.7110905779254132,2
Y322A,1.84988946999346,0.9433931434025408,3.865213370933424e-4,5
Y322C,1.2596854068683416,0.5165152061949114,0.05455489360024503,2
Y322D,-0.13781082899292207,0.6546702958636456,0.00670247635973442,2
Y322E,-0.1393957247706896,NA,0.0784729898672896,1
Y322F,1.4923218088446732,0.6428817589921302,0.00657237572356699,3
Y322G,1.8956963789091503,1.8950928092249912,8.194918366508135e-5,6
Y322H,1.913852312466203,1.7819350799018607,2.283451591197548e-4,5
Y322I,0.9007027324540017,0.7915746569160612,0.10340530830768203,6
Y322K,1.204533953310161,1.1057338499087588,0.15328973611573038,3
Y322L,1.3376605832363613,1.4805428415639437,0.01860733473074088,5
Y322M,1.8883205044390885,1.7265888900145163,5.144282817993453e-4,11
Y322N,0.7531256030976172,0.43916041018801766,0.00430682725952552,4
Y322P,0.3257315379708663,0.9935930560869106,7.05439497255035e-5,5
Y322Q,1.5983374783920312,NA,0.15117895095110237,1
Y322R,1.6215748479890093,1.2817807272160917,2.8235824501566896e-4,8
Y322S,1.7454346751811043,1.1156400861422002,0.00657237572356699,3
Y322T,1.1053029151444442,0.7053612413548015,0.8744909886631421,4
Y322V,0.834169168955214,0.07373836198808459,0.0784729898672896,2
Y322W,0.5201389484695961,0.9426704562706671,8.194918366508135e-5,6
Y333A,0.9238612607500116,0.5448967964227588,0.27568299043927097,7
Y333C,1.2155677731053305,1.92394872587782,0.2599921854712279,9
Y333D,0.26744801563236525,0.4472784557764654,1.7156428940993258e-7,11
Y333E,0.8270696902260725,0.9928836134400107,0.00923194707303266,13
Y333F,0.9896656701219576,0.8062442515152926,0.9470680994837398,9
Y333H,0.24210543889442265,1.3847841174342237,2.527960631040945e-5,6
Y333I,1.443913042935454,0.9414452489064854,2.283451591197548e-4,11
Y333K,0.9855955542317696,0.9222090581012232,0.6090432620887414,12
Y333L,0.9222116251457556,0.968241445262016,0.03152006756051927,23
Y333M,1.1059074103078266,0.7025453788440957,0.0784729898672896,10
Y333N,0.6280370945386023,0.7976368102592286,0.00100395996139489,8
Y333P,-0.00249345990505994,0.40872134582166497,9.056317870165991e-6,7
Y333Q,1.215153430457255,0.5521053203820897,0.01973432328588427,9
Y333R,0.22204094211559355,0.970277162952428,2.6132326868642387e-6,9
Y333S,0.996512510140482,0.7266787782371242,0.7648024424445181,14
Y333T,1.9498082097883709,0.7962786381416037,9.056317870165991e-6,9
Y333V,1.7748793513511991,0.7628003053326687,5.626718786779623e-6,11
Y333W,1.3643725058547485,0.5969315865776866,8.234839656204272e-5,10
Y379A,0.6082418918596293,0.7277069617475092,0.00670247635973442,2
Y379C,0.7799958545027609,0.41386145861296286,0.01356310517061312,3
Y379D,0.48365553408592266,0.3161563232767298,0.00670247635973442,2
Y379E,0.5756369862600195,1.345138049798927,0.00100395996139489,4
Y379F,0.6977122282931358,1.1125822235038891,0.0784729898672896,2
Y379G,1.540110546527797,NA,0.15117895095110237,1
Y379H,0.7666503043585643,0.9989849695332949,0.1943125410718501,3
Y379I,0.8072313341636357,0.7050446169625015,0.07213499178381343,7
Y379K,0.8174086524761285,0.3701914780455123,0.03763209617846637,3
Y379L,0.9080720901111238,1.028462261455546,0.4794358413565712,6
Y379M,0.6609297438748839,1.2888410029539472,0.00140615608606625,4
Y379N,0.984841780899852,2.3264873345422057,0.9744145469022636,2
Y379P,0.3131964562584371,0.39823867732799206,0.00670247635973442,2
Y379Q,0.5024354988603513,NA,0.0784729898672896,1
Y379R,0.8211978198618598,0.8512511046776398,0.06277323568781315,4
Y379S,0.7840669725358949,0.6870151763257647,0.0784729898672896,3
Y379T,0.8348825678804895,0.22387853473401437,0.03763209617846637,3
Y379V,0.7303897379381495,0.7224899627649959,0.05455489360024503,4
